,main video url,main video duration,video ad ids,ad skippable,ad counts,total unique ads,banner ad img srcs,banner ad urls,sidebar,in-feed
0,https://www.youtube.com/watch?v=4q741hhcbtQ,1236.741,['RJjfACkbhv8 '],[0],[1],1,[],[],[],[]
1,https://www.youtube.com/watch?v=1-U0m7OK95E,1837.461,[],[],[],0,[],[],[],[]
2,https://www.youtube.com/watch?v=fkualPBp4-g&ab_channel,776.421,"['g_qO0fcqKCk ', 'nXgNvvvxUd8 ']","[1, 1]","[1, 1]",2,[],[],[],[]
3,https://www.youtube.com/watch?v=yoreD-kbmOw,650.661,[],[],[],0,[],[],[],[]
4,https://www.youtube.com/watch?v=4x6DPsWe52c&ab_channel,780.061,['8MQ0p6mNccU '],[1],[1],1,[],[],[],[]
5,https://www.youtube.com/watch?v=_ipdXHswiYc,775.941,[],[],[],0,[],[],[],[]
6,https://www.youtube.com/watch?v=6oa7oUXpDXU,949.061,[],[],[],0,[],[],[],[]
7,https://www.youtube.com/watch?v=OcuFA6MQcWs,565.701,['rg2aZV7UmEY '],[1],[1],1,[],[],[],[]
8,https://www.youtube.com/watch?v=phRNBD6c2n8,3441.561,['KdU9xHBcafI '],[1],[1],1,[],[],[],[]
9,https://www.youtube.com/watch?v=b8zyL2RfrOU,791.0,"['3P1VvqqiVjM ', '9WuiTpFRjBM ']","[1, 1]","[1, 1]",2,[],[],[],[]
10,https://www.youtube.com/watch?v=95yDHjxRo0E&ab_channel,700.021,['opNK4iEb5RI '],[1],[1],1,[],[],[],[]
11,https://www.youtube.com/watch?v=-NEC_OpPhyw,369.341,[],[],[],0,[],[],[],[]
12,https://www.youtube.com/watch?v=ilRvGHHpyDg,758.721,[],[],[],0,[],[],[],[]
13,https://www.youtube.com/watch?v=8EtPVMPnDG4,775.941,"['3P1VvqqiVjM ', 'MX_307s6-CE ']","[1, 1]","[1, 1]",2,[],[],[],[]
14,https://www.youtube.com/watch?v=N2dQepFeedY,750.0,"['hhh4S_LtCyM ', 'g_qO0fcqKCk ', 'D25XFwlPxhU ']","[0, 1, 1]","[1, 1, 1]",3,[],[],[],[]
15,https://www.youtube.com/watch?v=w3yg2FpKStA,493.341,[],[],[],0,[],[],[],[]
16,https://www.youtube.com/watch?v=05yMNoOPAFc,1093.061,"['rEgOwG3aKNc ', 'dSEL_7__Clc ']","[1, 1]","[1, 1]",2,[],[],[],[]
17,https://www.youtube.com/watch?v=ooWTGQNYiaE,248.0,['g_UwapIcPPM '],[1],[1],1,[],[],[],[]
18,https://www.youtube.com/watch?v=yETKAKzd860,946.0,['DJ29aNbaVUw '],[0],[1],1,[],[],[],[]
19,https://www.youtube.com/watch?v=Ijkw_xZrxE8,314.101,[],[],[],0,[],[],[],[]
20,https://www.youtube.com/watch?v=ix6kO2o1_jI,708.621,['g_qO0fcqKCk '],[1],[1],1,[],[],[],[]
21,https://www.youtube.com/watch?v=9n__hhygz1A,784.921,['JyU27baiE5c '],[1],[1],1,[],[],[],[]
22,https://www.youtube.com/watch?v=35OVcioB5Bk,650.661,"['g_qO0fcqKCk ', 'UmXXzO7xs9s ', 'aAI1aYieI7U ', 'D25XFwlPxhU ']","[0, 1, 1, 1]","[1, 1, 1, 1]",4,[],[],[],[]
23,https://www.youtube.com/watch?v=-1-scffDeKM,756.821,"['9WuiTpFRjBM ', 'xbi5T4cVZ1g ']","[1, 1]","[1, 1]",2,[],[],[],[]
24,https://www.youtube.com/watch?v=hM0rb67WWBk,898.861,"['C3f2Wy_ejcI ', 'g_qO0fcqKCk ']","[1, 1]","[1, 1]",2,[],[],[],[]
25,https://www.youtube.com/watch?v=c14w3ioZL8c,3444.0,"['OCLazxIy0WM ', 'JsOOis4bBFg ', 'PiubytzLmOE ']","[0, 1, 1]","[1, 1, 1]",3,[],[],[],[]
26,https://www.youtube.com/watch?v=xnAVUMw3EqM,671.541,[],[],[],0,[],[],[],[]
27,https://www.youtube.com/watch?v=8SWQ1em1-Ak,739.301,['aAI1aYieI7U '],[1],[1],1,[],[],[],[]
28,https://www.youtube.com/watch?v=iJ6aseAcGvQ,940.101,[],[],[],0,[],[],[],[]
29,https://www.youtube.com/watch?v=6PU0dXFd2CE,558.621,['oWbhqm4zjP0 '],[1],[1],1,[],[],[],[]
30,https://www.youtube.com/watch?v=4goirOE9Keo,911.221,[],[],[],0,[],[],[],[]
31,https://www.youtube.com/watch?v=TqTPiSQlB7U,655.781,[],[],[],0,[],[],[],[]
32,https://www.youtube.com/watch?v=5zdtiS7gp4k,635.381,[],[],[],0,[],[],[],[]
33,https://www.youtube.com/watch?v=sWkBeJvhIps,775.941,[],[],[],0,[],[],[],[]
34,https://www.youtube.com/watch?v=Cu5S9IRdnVg,768.221,[],[],[],0,[],[],[],[]
35,https://www.youtube.com/watch?v=Y0tg4L9DcHk,945.341,[],[],[],0,[],[],[],[]
36,https://www.youtube.com/watch?v=LL8hG1KRM6U,607.061,[],[],[],0,[],[],[],[]
37,https://www.youtube.com/watch?v=KYNKKOF6FYY,666.261,"['p3M02xT9dA4 ', 'xqMha_x6U_s ']","[1, 1]","[1, 1]",2,[],[],[],[]
38,https://www.youtube.com/watch?v=XP9addIo0fU,660.721,[],[],[],0,[],[],[],[]
39,https://www.youtube.com/watch?v=ZrCMSCWR9G4,515.0,['qYr6UhlAC-4 '],[0],[1],1,[],[],[],[]
40,https://www.youtube.com/watch?v=aeRcFxA8oa4,611.141,['3116XH-dqO8 '],[1],[1],1,[],[],[],[]
41,https://www.youtube.com/watch?v=jXRBW5Vha7o,759.0,['P4BYDo8b6qM '],[0],[1],1,[],[],[],[]
42,https://www.youtube.com/watch?v=-Wn7ZeC6Ibo,685.0,['gFN0zeQUf_0 '],[0],[1],1,[],[],[],[]
43,https://www.youtube.com/watch?v=uL9DAMCUeXY,802.601,['UUxJlzEVicI '],[1],[1],1,[],[],[],[]
44,https://www.youtube.com/watch?v=zWD9_21V9Dk,617.0,['aAI1aYieI7U '],[0],[1],1,[],[],[],[]
45,https://www.youtube.com/watch?v=_P9-HFqOqC4,412.361,[],[],[],0,[],[],[],[]
46,https://www.youtube.com/watch?v=pY_9PpQeYPE,505.721,[],[],[],0,[],[],[],[]
47,https://www.youtube.com/watch?v=-5q1ZzKdahw,490.721,"['pHDt9MALFhc ', 'MX_307s6-CE ']","[1, 1]","[1, 1]",2,[],[],[],[]
48,https://www.youtube.com/watch?v=gEsw6BuihBM,487.0,['X1iQ8GbQEHY '],[0],[1],1,[],[],[],[]
49,https://www.youtube.com/watch?v=ANhte0uCUTw,588.861,[],[],[],0,[],[],[],[]
50,https://www.youtube.com/watch?v=lt-Y572236U,373.981,[],[],[],0,[],[],[],[]
51,https://www.youtube.com/watch?v=K2zyrr8spXM&ab_channel,821.0,"['tY_CyFmMDFE ', 'HQRv8ppYxos ']","[0, 1]","[1, 1]",2,[],[],[],[]
52,https://www.youtube.com/watch?v=jiEBhPq_o70&ab_channel,974.0,"['bQES_F6c7c8 ', 'CkiLXvRxfhA ', 'ucE5VXW51tQ ']","[1, 1, 1]","[1, 1, 1]",3,[],[],[],[]
53,https://www.youtube.com/watch?v=nb_8Df3Lt-c&ab_channel,535.0,"['_4ecS3YN150 ', 'u_iMibw8dKE ', '1dtzSRlfBDk ']","[1, 1, 1]","[1, 1, 1]",3,[],[],[],[]
54,https://www.youtube.com/watch?v=j8XHCUT3qSk&ab_channel,940.0,"['lllasGckgT0 ', 'tY_CyFmMDFE ', 'HxLVoQM98xE ', 'tQnz_XdWYfY ']","[0, 1, 1, 1]","[1, 1, 1, 1]",4,[],[],[],[]
55,https://www.youtube.com/watch?v=zaqW84X2PhA&ab_channel,559.0,[],[],[],0,[],[],[],[]
56,https://www.youtube.com/watch?v=6S_C7Ivzf2w&ab_channel,3434.0,"['jTudg6Qu0fY ', 'mrWhoeOiZVg ', 'g_qO0fcqKCk ', '_4ecS3YN150 ']","[0, 1, 1, 1]","[1, 1, 1, 1]",4,[],[],[],[]
57,https://www.youtube.com/watch?v=BV7StYWT6Qo,57.641,[],[],[],0,[],[],[],[]
58,https://www.youtube.com/watch?v=aVxNcRp58iQ,90.041,[],[],[],0,[],[],[],[]
59,https://www.youtube.com/watch?v=ELZo29FsCTA,79.601,[],[],[],0,[],[],[],[]
60,https://www.youtube.com/watch?v=46qwfF6F_fQ,244.161,[],[],[],0,[],[],[],[]
61,https://www.youtube.com/watch?v=W8lvGQZbRJs,89.521,[],[],[],0,[],[],[],[]
62,https://www.youtube.com/watch?v=lHSumsnr9ZE,63.821,[],[],[],0,[],[],[],[]
63,https://www.youtube.com/watch?v=s8uYE9r3hIg,77.521,[],[],[],0,[],[],[],[]
64,https://www.youtube.com/watch?v=YG7AM4e2I_g,156.761,[],[],[],0,[],[],[],[]
65,https://www.youtube.com/watch?v=KbEzQbHZZS8,52.921,[],[],[],0,[],[],[],[]
66,https://www.youtube.com/watch?v=Mj86wPhhj9M,108.621,[],[],[],0,[],[],[],[]
67,https://www.youtube.com/watch?v=H9GOCS1vfDc,65.521,[],[],[],0,[],[],[],[]
68,https://www.youtube.com/watch?v=pLn2ViEn8Bk,96.641,[],[],[],0,[],[],[],[]
69,https://www.youtube.com/watch?v=NzkvX2FaV1k,467.941,[],[],[],0,[],[],[],[]
70,https://www.youtube.com/watch?v=mfBfddUQIvI,3433.821,"['XFiXpi9Q1mc ', 'dSEL_7__Clc ', '3P1VvqqiVjM ', '9WuiTpFRjBM ']","[1, 1, 1, 0]","[1, 1, 1, 1]",4,[],[],[],[]
71,https://www.youtube.com/watch?v=R3rsha0zSSY,776.0,"['hhh4S_LtCyM ', 'D25XFwlPxhU ']","[0, 1]","[1, 1]",2,[],[],[],[]
72,https://www.youtube.com/watch?v=VVmy60wyXgQ,940.101,"['qYr6UhlAC-4 ', '-kGC-gustpA ', 'QQrL-dvevKM ']","[1, 1, 1]","[1, 1, 1]",3,[],[],[],[]
73,https://www.youtube.com/watch?v=-6zZf_5Fctc,613.0,['bQES_F6c7c8 '],[1],[1],1,[],[],[],[]
74,https://www.youtube.com/watch?v=pc2W2kKx9Pg,772.0,['bQES_F6c7c8 '],[1],[1],1,[],[],[],[]
75,https://www.youtube.com/watch?v=ZnPx70vHdVQ,905.0,['YsbcuirOiaA '],[0],[1],1,[],[],[],[]
76,https://www.youtube.com/watch?v=C_WCRw4LdkA,2645.0,['TjxskTJd9eM '],[1],[1],1,[],[],[],[]
77,https://www.youtube.com/watch?v=SzDG-06Tx-s,1361.0,"['CxUcLE-SuqE ', '639ATgYAP0g ', '1dtzSRlfBDk ', 'a9RalTVpotE ']","[1, 1, 1, 1]","[1, 1, 1, 1]",4,[],[],[],[]
78,https://www.youtube.com/watch?v=tJQOk5CdhrI,611.361,[],[],[],0,[],[],[],[]
79,https://www.youtube.com/watch?v=jq_LrGsgaS4,751.241,[],[],[],0,[],[],[],[]
80,https://www.youtube.com/watch?v=1EdKhW-8hr8,843.0,[],[],[],0,[],[],[],[]
81,https://www.youtube.com/watch?v=mLIJsBZpP7w,674.301,[],[],[],0,[],[],[],[]
82,https://www.youtube.com/watch?v=_STh5dwjxcM,701.0,"['MjZkmUrqdHY ', 'XFiXpi9Q1mc ']","[0, 1]","[1, 1]",2,[],[],[],[]
83,https://www.youtube.com/watch?v=S8GjRjyq2MA,641.721,"['XFiXpi9Q1mc ', 'MjZkmUrqdHY ']","[1, 1]","[1, 1]",2,[],[],[],[]
84,https://www.youtube.com/watch?v=HC0Yz5dpcHw,1392.0,"['oWbhqm4zjP0 ', 'bQES_F6c7c8 ']","[1, 1]","[1, 1]",2,[],[],[],[]
85,https://www.youtube.com/watch?v=9s_Pxg-t4gk,608.921,[],[],[],0,[],[],[],[]
86,https://www.youtube.com/watch?v=Ao2gYjz8WfI,709.001,[],[],[],0,[],[],[],[]
87,https://www.youtube.com/watch?v=GpjPsIzGRY4&ab_channel,780.061,"['D25XFwlPxhU ', 'p3M02xT9dA4 ']","[1, 1]","[1, 1]",2,[],[],[],[]
88,https://www.youtube.com/watch?v=b_iyfsH6tuw&ab_channel,776.421,['1dtzSRlfBDk '],[1],[1],1,[],[],[],[]
89,https://www.youtube.com/watch?v=KDkhNT3wpb4&ab_channel,690.301,"['9WuiTpFRjBM ', 'IEuh17Uik7k ', 'ellAUet1RRk ', 'g_qO0fcqKCk ']","[1, 1, 1, 1]","[1, 1, 1, 1]",4,[],[],[],[]
90,https://www.youtube.com/watch?v=6cZnRXITFvs&ab_channel,693.381,"['3P1VvqqiVjM ', 'Od5zyGTKJos ', 'g_qO0fcqKCk ', 'dSEL_7__Clc ']","[1, 1, 1, 1]","[1, 1, 1, 1]",4,[],[],[],[]
91,https://www.youtube.com/watch?v=DVzZNDt3_wQ&ab_channel,867.0,"['xqMha_x6U_s ', 'JWpxZS0bpiM ']","[0, 1]","[1, 1]",2,[],[],[],[]
92,https://www.youtube.com/watch?v=mSALt75VVHU&ab_channel,559.0,['UUxJlzEVicI '],[0],[1],1,[],[],[],[]
93,https://www.youtube.com/watch?v=B6e3RtoyAMs&ab_channel,566.0,['UjSU8dL1Ak4 '],[0],[1],1,[],[],[],[]
94,https://www.youtube.com/watch?v=cs0nsGZrjII&ab_channel,553.0,"['X1iQ8GbQEHY ', 'JsOOis4bBFg ']","[0, 1]","[1, 1]",2,[],[],[],[]
95,https://www.youtube.com/watch?v=vP3iQZrqYoI&ab_channel,739.0,"['vP3Mtics0-E ', 'rEgOwG3aKNc ']","[0, 1]","[1, 1]",2,[],[],[],[]
96,https://www.youtube.com/watch?v=qGPJ6DUed5g&ab_channel,590.0,"['_4ecS3YN150 ', 'LsU9wuqg8wQ ']","[0, 1]","[1, 1]",2,[],[],[],[]
97,https://www.youtube.com/watch?v=rbnR1B06W5Q&ab_channel,583.0,['qYr6UhlAC-4 '],[0],[1],1,[],[],[],[]
98,https://www.youtube.com/watch?v=D44zVCnTiIM&ab_channel,775.941,['g_qO0fcqKCk '],[0],[1],1,[],[],[],[]
99,https://www.youtube.com/watch?v=Xj3cXd6TDtU,467.941,[],[],[],0,[],[],[],[]
100,https://www.youtube.com/watch?v=4PeHL2HJoWM,248.301,[],[],[],0,[],[],[],[]
101,https://www.youtube.com/watch?v=9PiHeby06sY,826.061,['OncmY2TJKps '],[1],[1],1,[],[],[],[]
102,https://www.youtube.com/watch?v=u_Cr1uDPEok,739.0,"['aAI1aYieI7U ', 'GgwiXCm_HjM ']","[0, 1]","[1, 1]",2,[],[],[],[]
103,https://www.youtube.com/watch?v=IdOm-wu8Egk,558.621,[],[],[],0,[],[],[],[]
104,https://www.youtube.com/watch?v=J85j2abrZSY,1090.021,"['1dtzSRlfBDk ', 'hhh4S_LtCyM ']","[1, 1]","[1, 1]",2,[],[],[],[]
105,https://www.youtube.com/watch?v=LjjlrESJWnw,1068.781,[],[],[],0,[],[],[],[]
106,https://www.youtube.com/watch?v=yV9k0VUIr2Q,630.041,[],[],[],0,[],[],[],[]
107,https://www.youtube.com/watch?v=7FAWNERk1Qs,535.0,['tQnz_XdWYfY '],[0],[1],1,[],[],[],[]
108,https://www.youtube.com/watch?v=7h22Aj3nKWI,1093.0,[],[],[],0,[],[],[],[]
109,https://www.youtube.com/watch?v=PGlDUss0-wg,965.0,"['-VLuAbSwfvw ', 'ewBAfUWPFU4 ']","[1, 1]","[1, 1]",2,[],[],[],[]
110,https://www.youtube.com/watch?v=fVGKRDM4U4s,994.0,['wnpNJTYI2kQ '],[1],[1],1,[],[],[],[]
111,https://www.youtube.com/watch?v=n33FcLg5cbw,605.0,"['YsbcuirOiaA ', 'hkeAZyhRvNM ', 'RJjfACkbhv8 ', 'tQnz_XdWYfY ']","[0, 1, 0, 1]","[1, 1, 1, 1]",4,[],[],[],[]
112,https://www.youtube.com/watch?v=aGEVGBJ9hiw,780.061,[],[],[],0,[],[],[],[]
113,https://www.youtube.com/watch?v=OHb-N2yazfo&ab_channel,739.301,[],[],[],0,[],[],[],[]
114,https://www.youtube.com/watch?v=5LzkR2O02zQ&ab_channel,830.901,['nOxZiav_pv8 '],[1],[1],1,[],[],[],[]
115,https://www.youtube.com/watch?v=J2HHJtB5jmA&ab_channel,832.0,"['_4ecS3YN150 ', 'QQrL-dvevKM ', 'opNK4iEb5RI ']","[0, 1, 1]","[1, 1, 1]",3,[],[],[],[]
116,https://www.youtube.com/watch?v=AVRRMmg7rnY&ab_channel,709.0,['tQnz_XdWYfY '],[1],[1],1,[],[],[],[]
117,https://www.youtube.com/watch?v=zSYP8hKPeVU&ab_channel,768.0,"['3116XH-dqO8 ', 'XFiXpi9Q1mc ', 'g_qO0fcqKCk ']","[0, 1, 1]","[1, 1, 1]",3,[],[],[],[]
118,https://www.youtube.com/watch?v=8yGChSYgZUY&ab_channel,690.301,[],[],[],0,[],[],[],[]
119,https://www.youtube.com/watch?v=SSwBpHxNPpM&ab_channel,732.461,[],[],[],0,[],[],[],[]
120,https://www.youtube.com/watch?v=4sh2drCajmE&ab_channel,605.0,['nOxZiav_pv8 '],[0],[1],1,[],[],[],[]
121,https://www.youtube.com/watch?v=DtXtP2JKxL0&ab_channel,776.0,"['QQrL-dvevKM ', '_4ecS3YN150 ']","[0, 1]","[1, 1]",2,[],[],[],[]
122,https://www.youtube.com/watch?v=_81Q2w8G2Uc&ab_channel,558.421,[],[],[],0,[],[],[],[]
123,https://www.youtube.com/watch?v=XKIYoxhrM3w&ab_channel,248.021,[],[],[],0,[],[],[],[]
124,https://www.youtube.com/watch?v=hwohBmgNJJU&ab_channel,452.141,[],[],[],0,[],[],[],[]
125,https://www.youtube.com/watch?v=JKDYEHOtx4s&ab_channel,750.461,"['IEuh17Uik7k ', 'YgIU77KJoXo ']","[1, 1]","[1, 1]",2,[],[],[],[]
126,https://www.youtube.com/watch?v=WypPbRBQEp0&ab_channel,671.541,['RAVwQ2aCAEU '],[1],[1],1,[],[],[],[]
127,https://www.youtube.com/watch?v=d47YNzT26rk&ab_channel,811.0,"['m7STSpzapgA ', 'EgVdeVvQ8yk ']","[1, 1]","[1, 1]",2,[],[],[],[]
128,https://www.youtube.com/watch?v=LPypGxJ3eJI,824.181,['HXmejgokKAs '],[1],[1],1,[],[],[],[]
129,https://www.youtube.com/watch?v=bqLMyL_OI0Q,780.061,['g_qO0fcqKCk '],[1],[1],1,[],[],[],[]
130,https://www.youtube.com/watch?v=3CmxHBc1Aqg,932.861,[],[],[],0,[],[],[],[]
131,https://www.youtube.com/watch?v=d0rZ_ZthJ5I,577.541,[],[],[],0,[],[],[],[]
132,https://www.youtube.com/watch?v=GZ-3SbAOClk,815.021,[],[],[],0,[],[],[],[]
133,https://www.youtube.com/watch?v=_NPF2RnCcOg,559.0,['YsbcuirOiaA '],[0],[1],1,[],[],[],[]
134,https://www.youtube.com/watch?v=or-eVCya2Bw,780.341,[],[],[],0,[],[],[],[]
135,https://www.youtube.com/watch?v=QGx6jzuXlkQ,705.261,"['UmXXzO7xs9s ', 'g_qO0fcqKCk ']","[1, 1]","[1, 1]",2,[],[],[],[]
136,https://www.youtube.com/watch?v=uM9cy8FPrjg,605.0,['APq1yCB8-Cs '],[0],[1],1,[],[],[],[]
137,https://www.youtube.com/watch?v=FU6ucKiKwyM,605.061,[],[],[],0,[],[],[],[]
138,https://www.youtube.com/watch?v=4lk9JT-Q0Wg,238.301,['aAI1aYieI7U '],[0],[1],1,[],[],[],[]
139,https://www.youtube.com/watch?v=oQuqZDZf1ts,282.221,[],[],[],0,[],[],[],[]
140,https://www.youtube.com/watch?v=XGONxERAa9w,242.261,[],[],[],0,[],[],[],[]
141,https://www.youtube.com/watch?v=iWF8-ANk_xc,546.101,[],[],[],0,[],[],[],[]
142,https://www.youtube.com/watch?v=bzFAUySpJiA,290.061,[],[],[],0,[],[],[],[]
143,https://www.youtube.com/watch?v=ZrAjWKrkPXw,318.741,[],[],[],0,[],[],[],[]
144,https://www.youtube.com/watch?v=vmSLfkojTco,202.761,[],[],[],0,[],[],[],[]
145,https://www.youtube.com/watch?v=csFFU6CTnx8,607.721,[],[],[],0,[],[],[],[]
146,https://www.youtube.com/watch?v=g_jxc7KwgLk,319.781,[],[],[],0,[],[],[],[]
147,https://www.youtube.com/watch?v=xP991MbPZcg,358.741,[],[],[],0,[],[],[],[]
148,https://www.youtube.com/watch?v=czRwowaOw3A,261.661,[],[],[],0,[],[],[],[]
149,https://www.youtube.com/watch?v=j3210qVOfXU,487.481,[],[],[],0,[],[],[],[]
150,https://www.youtube.com/watch?v=bHMt67keONQ,318.101,[],[],[],0,[],[],[],[]
151,https://www.youtube.com/watch?v=jxV0wV8lknk,299.661,[],[],[],0,[],[],[],[]
152,https://www.youtube.com/watch?v=S44TgKsSHvQ,619.901,[],[],[],0,[],[],[],[]
153,https://www.youtube.com/watch?v=b2WsXjbl8Dc,816.0,"['aAI1aYieI7U ', 'iNA0HvT6oio ', 'XFiXpi9Q1mc ']","[0, 1, 1]","[1, 1, 1]",3,[],[],[],[]
154,https://www.youtube.com/watch?v=ZaTBxuoaIiU,3434.0,"['3zCn5KW0fU0 ', 'dSEL_7__Clc ', 'KJ8CdoBQnXI ', 'D25XFwlPxhU ']","[1, 1, 1, 1]","[1, 1, 1, 1]",4,[],[],[],[]
155,https://www.youtube.com/watch?v=YgHrwZ3qXnc,827.021,['IEuh17Uik7k '],[1],[1],1,[],[],[],[]
156,https://www.youtube.com/watch?v=j_tyyvVVwHU,474.861,[],[],[],0,[],[],[],[]
157,https://www.youtube.com/watch?v=5-ZPzkFgFqA,815.741,[],[],[],0,[],[],[],[]
158,https://www.youtube.com/watch?v=ZOzuJfg0usI,630.041,[],[],[],0,[],[],[],[]
159,https://www.youtube.com/watch?v=0wzpPYukxbU,790.461,[],[],[],0,[],[],[],[]
160,https://www.youtube.com/watch?v=VsEP8ALBYPs,940.101,[],[],[],0,[],[],[],[]
161,https://www.youtube.com/watch?v=OK5t4IpXSKo,756.821,[],[],[],0,[],[],[],[]
162,https://www.youtube.com/watch?v=mbFL8jjXyqA,775.941,"['JWpxZS0bpiM ', 'pHDt9MALFhc ', 'D25XFwlPxhU ']","[1, 1, 1]","[1, 1, 1]",3,[],[],[],[]
163,https://www.youtube.com/watch?v=4x8Nu2PYUUo,672.0,[],[],[],0,[],[],[],[]
164,https://www.youtube.com/watch?v=nGoY8JhF3W8,740.0,"['5WJpSAWtI_4 ', 'dSEL_7__Clc ']","[0, 1]","[1, 1]",2,[],[],[],[]
165,https://www.youtube.com/watch?v=25jHtR9x1Ds,314.0,['wh2WWQlJH9c '],[0],[1],1,[],[],[],[]
166,https://www.youtube.com/watch?v=fo7VYajdKoE,1048.0,"['nOxZiav_pv8 ', '3P1VvqqiVjM ']","[0, 1]","[1, 1]",2,[],[],[],[]
167,https://www.youtube.com/watch?v=ILZhRzKUXg4,739.0,"['EwfdED4AQ0Q ', '9WuiTpFRjBM ']","[1, 1]","[1, 1]",2,[],[],[],[]
168,https://www.youtube.com/watch?v=Av3AU7JIfiY,821.0,"['2XKb-_PIYtg ', 'g_qO0fcqKCk ', 'tQnz_XdWYfY ']","[0, 1, 1]","[1, 1, 1]",3,[],[],[],[]
169,https://www.youtube.com/watch?v=vLq4c4DKb94,559.0,"['bN-yM3Obh2c ', 'HxLVoQM98xE ']","[1, 1]","[1, 1]",2,[],[],[],[]
170,https://www.youtube.com/watch?v=I4y13RbptNI,775.941,[],[],[],0,[],[],[],[]
171,https://www.youtube.com/watch?v=mIOOCyYX4CQ,28.541,[],[],[],0,[],[],[],[]
172,https://www.youtube.com/watch?v=yb52P9RF0B8,48.821,[],[],[],0,[],[],[],[]
173,https://www.youtube.com/watch?v=CmItVx_KX4s,28.281,[],[],[],0,[],[],[],[]
174,https://www.youtube.com/watch?v=6Mqtn7jtXjM,125.101,[],[],[],0,[],[],[],[]
175,https://www.youtube.com/watch?v=Hudu3EaEq7k,26.481,[],[],[],0,[],[],[],[]
176,https://www.youtube.com/watch?v=mXtimQZGDAo,28.781,[],[],[],0,[],[],[],[]
177,https://www.youtube.com/watch?v=OAOHhPniZcI,144.661,[],[],[],0,[],[],[],[]
178,https://www.youtube.com/watch?v=gXHV0xromrQ,29.261,[],[],[],0,[],[],[],[]
179,https://www.youtube.com/watch?v=DL-7cTQE_Do,54.761,[],[],[],0,[],[],[],[]
180,https://www.youtube.com/watch?v=-GfNEDs3ERw,536.521,['XFiXpi9Q1mc '],[1],[1],1,[],[],[],[]
181,https://www.youtube.com/watch?v=zBkjFGYKMhA,460.141,[],[],[],0,[],[],[],[]
182,https://www.youtube.com/watch?v=qhepysLkX0Q,512.0,"['1dtzSRlfBDk ', '3P1VvqqiVjM ', 'UmXXzO7xs9s ', '_4ecS3YN150 ']","[0, 1, 1, 1]","[1, 1, 1, 1]",4,[],[],[],[]
183,https://www.youtube.com/watch?v=xNIb89HUcXw,979.0,"['S8d_ntH7OSo ', '3116XH-dqO8 ', 'aAI1aYieI7U ']","[0, 1, 1]","[1, 1, 1]",3,[],[],[],[]
184,https://www.youtube.com/watch?v=6TZFle5RJrg,1133.0,"['3116XH-dqO8 ', 'tY_CyFmMDFE ', '_4ecS3YN150 ']","[0, 1, 1]","[1, 1, 1]",3,[],[],[],[]
185,https://www.youtube.com/watch?v=Pjim41gNReU,867.701,"['nOxZiav_pv8 ', 'DEjgK96R0GA ', 'XFiXpi9Q1mc ']","[1, 1, 1]","[1, 1, 1]",3,[],[],[],[]
186,https://www.youtube.com/watch?v=UZIS9j3_4KM,1306.981,"['HQRv8ppYxos ', 'g_qO0fcqKCk ', 'tY_CyFmMDFE ']","[1, 1, 1]","[1, 1, 1]",3,[],[],[],[]
187,https://www.youtube.com/watch?v=K0Yb8r4tSLE,719.661,['MX_307s6-CE '],[1],[1],1,[],[],[],[]
188,https://www.youtube.com/watch?v=iOTt7bRBuIg,980.141,"['88-At_qSBn4 ', 'g_qO0fcqKCk ', '_4ecS3YN150 ', 'tY_CyFmMDFE ']","[1, 1, 1, 1]","[1, 1, 1, 1]",4,[],[],[],[]
189,https://www.youtube.com/watch?v=tUDDHyq8DF0,833.101,['_4ecS3YN150 '],[1],[1],1,[],[],[],[]
190,https://www.youtube.com/watch?v=MECLzDX8As0,803.261,['MX_307s6-CE '],[1],[1],1,[],[],[],[]
191,https://www.youtube.com/watch?v=E3N02l0_lAE,962.921,[],[],[],0,[],[],[],[]
192,https://www.youtube.com/watch?v=MDn3HjRHxs4,1505.821,['3116XH-dqO8 '],[1],[1],1,[],[],[],[]
193,https://www.youtube.com/watch?v=KDkB_p_HY7w,1638.741,"['rEgOwG3aKNc ', 'ellAUet1RRk ']","[1, 1]","[1, 1]",2,[],[],[],[]
194,https://www.youtube.com/watch?v=-_BdSce0gAk,1147.521,"['ellAUet1RRk ', 'JODnaRXljW0 ']","[1, 1]","[1, 1]",2,[],[],[],[]
195,https://www.youtube.com/watch?v=bZZXjyhtT20,1053.561,"['QQrL-dvevKM ', '_4ecS3YN150 ']","[1, 1]","[1, 1]",2,[],[],[],[]
196,https://www.youtube.com/watch?v=C2kF6kEKvqQ,733.101,['tQk6tR89eb0 '],[1],[1],1,[],[],[],[]
197,https://www.youtube.com/watch?v=8_51DClfvcU,776.0,"['sKKRzx6GXv8 ', 'bQES_F6c7c8 ', 'p6aw8mqT_fM ']","[1, 1, 1]","[1, 1, 1]",3,[],[],[],[]
198,https://www.youtube.com/watch?v=AdFRGyCWOSU,558.421,['hhh4S_LtCyM '],[1],[1],1,[],[],[],[]
199,https://www.youtube.com/watch?v=gZznFn2G0oc,630.041,"['MjZkmUrqdHY ', 's27kADZ-qeg ']","[1, 1]","[1, 1]",2,[],[],[],[]
200,https://www.youtube.com/watch?v=MGL1drkkVyU,803.0,['IEuh17Uik7k '],[1],[1],1,[],[],[],[]
201,https://www.youtube.com/watch?v=vW9NDM6JcZE,607.0,['MEcODKn4ss0 '],[1],[1],1,[],[],[],[]
202,https://www.youtube.com/watch?v=mRSkQPsmHEo,812.061,"['Y-FrhTFYQrM ', 'rEgOwG3aKNc ']","[1, 0]","[1, 1]",2,[],[],[],[]
203,https://www.youtube.com/watch?v=8FRlCx_RiNE,867.0,['YgIU77KJoXo '],[0],[1],1,[],[],[],[]
204,https://www.youtube.com/watch?v=78eETsCqtpQ,750.0,"['QOTt58XpLRo ', 'OncmY2TJKps ']","[0, 1]","[1, 1]",2,[],[],[],[]
205,https://www.youtube.com/watch?v=mqL3Q_lk_BQ,535.0,"['bN-yM3Obh2c ', 'pHDt9MALFhc ']","[0, 1]","[1, 1]",2,[],[],[],[]
206,https://www.youtube.com/watch?v=UMmp9tYDvVI,933.0,"['_gZMADvjcD8 ', 'dSEL_7__Clc ']","[1, 1]","[1, 1]",2,[],[],[],[]
207,https://www.youtube.com/watch?v=SxlGhkih_Hg,651.0,"['BXmUpMpzkYA ', 'cLthAiz_PnQ ', 'qYr6UhlAC-4 ']","[1, 1, 1]","[1, 1, 1]",3,[],[],[],[]
208,https://www.youtube.com/watch?v=H39uekCi9jQ,1093.061,"['s27kADZ-qeg ', 'dWaYCdf7Fkk ', 'g_qO0fcqKCk ', 'aAI1aYieI7U ']","[1, 1, 1, 1]","[1, 1, 1, 1]",4,[],[],[],[]
209,https://www.youtube.com/watch?v=0AEPWjH518E,740.341,[],[],[],0,[],[],[],[]
210,https://www.youtube.com/watch?v=UvVuPgS6Ua0,940.0,['pHDt9MALFhc '],[1],[1],1,[],[],[],[]
211,https://www.youtube.com/watch?v=w7oSjs98scY,693.0,['bQES_F6c7c8 '],[1],[1],1,[],[],[],[]
212,https://www.youtube.com/watch?v=Gu8Rf6YsgEY,64.761,[],[],[],0,[],[],[],[]
213,https://www.youtube.com/watch?v=F6tIxD4swzU,874.021,[],[],[],0,[],[],[],[]
214,https://www.youtube.com/watch?v=jy7kSJVPQR4,725.121,[],[],[],0,[],[],[],[]
215,https://www.youtube.com/watch?v=vX-qFvw5Um8,666.0,['vdrAiMVE_o0 '],[0],[1],1,[],[],[],[]
216,https://www.youtube.com/watch?v=nGpio4WqLkI,903.361,"['_4ecS3YN150 ', '3116XH-dqO8 ']","[1, 1]","[1, 1]",2,[],[],[],[]
217,https://www.youtube.com/watch?v=S77jdj8DS-8,671.541,[],[],[],0,[],[],[],[]
218,https://www.youtube.com/watch?v=s-bwikl4Ywg,935.821,['bQES_F6c7c8 '],[0],[1],1,[],[],[],[]
219,https://www.youtube.com/watch?v=0MFO77vml0Y,690.301,['k9hO4SV_JpU '],[1],[1],1,[],[],[],[]
220,https://www.youtube.com/watch?v=mClTn-AuF4I,630.041,"['g_qO0fcqKCk ', '3P1VvqqiVjM ']","[1, 1]","[1, 1]",2,[],[],[],[]
221,https://www.youtube.com/watch?v=XAcMDxgdt8c,751.0,"['aAI1aYieI7U ', 'XFiXpi9Q1mc ']","[0, 1]","[1, 1]",2,[],[],[],[]
222,https://www.youtube.com/watch?v=9swpxHcDNJQ,815.0,['HQRv8ppYxos '],[0],[1],1,[],[],[],[]
223,https://www.youtube.com/watch?v=v1WefEygQOQ,803.0,['g_UwapIcPPM '],[0],[1],1,[],[],[],[]
224,https://www.youtube.com/watch?v=wmTvA4Qi9t0,867.421,['1dtzSRlfBDk '],[1],[1],1,[],[],[],[]
225,https://www.youtube.com/watch?v=_BAf-ybiLOw,407.0,['H3d8vn9PNdk '],[0],[1],1,[],[],[],[]
226,https://www.youtube.com/watch?v=F2--yrkAtO8,690.0,"['ftywoDPCyho ', 'Fm9krnyIunE ']","[0, 1]","[1, 1]",2,[],[],[],[]
227,https://www.youtube.com/watch?v=F0_dIiyvVvI,605.0,['rEgOwG3aKNc '],[0],[1],1,[],[],[],[]
228,https://www.youtube.com/watch?v=N0gttvG9y_8,553.0,"['mrWhoeOiZVg ', 'aAI1aYieI7U ']","[0, 1]","[1, 1]",2,[],[],[],[]
229,https://www.youtube.com/watch?v=FhVLNkSqkYs,607.061,[],[],[],0,[],[],[],[]
230,https://www.youtube.com/watch?v=fWQqVc87vXI,700.021,"['639ATgYAP0g ', 'h2kqeFzUmk4 ']","[1, 1]","[1, 1]",2,[],[],[],[]
231,https://www.youtube.com/watch?v=UaiONhrKClA,867.0,"['tY_CyFmMDFE ', '_4ecS3YN150 ', 'LsU9wuqg8wQ ']","[0, 1, 1]","[1, 1, 1]",3,[],[],[],[]
232,https://www.youtube.com/watch?v=ap4YKU173iA,558.621,"['1dtzSRlfBDk ', 'JQxxxHmFyj0 ']","[1, 1]","[1, 1]",2,[],[],[],[]
233,https://www.youtube.com/watch?v=_6dqSkE5vEY,713.981,['xqMha_x6U_s '],[1],[1],1,[],[],[],[]
234,https://www.youtube.com/watch?v=uNDHPtWxncA,756.821,"['3116XH-dqO8 ', 'tQnz_XdWYfY ']","[1, 1]","[1, 1]",2,[],[],[],[]
235,https://www.youtube.com/watch?v=mFAQr2nv2B0,693.0,"['m3MI_GZk2Xs ', 'QQrL-dvevKM ', '_4ecS3YN150 ']","[0, 1, 1]","[1, 1, 1]",3,[],[],[],[]
236,https://www.youtube.com/watch?v=Vab-5lRD3S0,452.0,['2b7-nkM6liA '],[0],[1],1,[],[],[],[]
237,https://www.youtube.com/watch?v=jpmVq5Wepd4,885.821,[],[],[],0,[],[],[],[]
238,https://www.youtube.com/watch?v=LfVFW_rv-OA,625.021,[],[],[],0,[],[],[],[]
239,https://www.youtube.com/watch?v=plmw8CB_4xM,815.021,['3P1VvqqiVjM '],[1],[1],1,[],[],[],[]
240,https://www.youtube.com/watch?v=SrAkBIpY9t4&ab_channel,693.0,['QbdcZ3_DYdw '],[0],[1],1,[],[],[],[]
241,https://www.youtube.com/watch?v=C6JqPs3LzKc&ab_channel,535.0,['3P1VvqqiVjM '],[0],[1],1,[],[],[],[]
242,https://www.youtube.com/watch?v=W1Eog73Ghc8&ab_channel,605.0,[],[],[],0,[],[],[],[]
243,https://www.youtube.com/watch?v=aO1JIazqh4Y&ab_channel,802.741,['tQnz_XdWYfY '],[0],[1],1,[],[],[],[]
244,https://www.youtube.com/watch?v=nX1tX1wrsiI&ab_channel,776.0,['k9hO4SV_JpU '],[1],[1],1,[],[],[],[]
245,https://www.youtube.com/watch?v=BykmpO406Mg,933.0,['34u1sOLrgVo '],[1],[1],1,[],[],[],[]
246,https://www.youtube.com/watch?v=sZBsiQiyr8Q,770.701,[],[],[],0,[],[],[],[]
247,https://www.youtube.com/watch?v=MJAO9ZwnEe0,690.301,[],[],[],0,[],[],[],[]
248,https://www.youtube.com/watch?v=OTmPqVVcKJo,713.981,['_YGDmPVUqu8 '],[1],[1],1,[],[],[],[]
249,https://www.youtube.com/watch?v=wYBGqpY9bYk,535.061,[],[],[],0,[],[],[],[]
250,https://www.youtube.com/watch?v=Uk1NMFgSmeQ,815.741,[],[],[],0,[],[],[],[]
251,https://www.youtube.com/watch?v=m_hbjfjT0H0,945.341,['QQrL-dvevKM '],[1],[1],1,[],[],[],[]
252,https://www.youtube.com/watch?v=lVi1ZQvVmXc,791.0,"['IEuh17Uik7k ', 'n268a2UQfS8 ']","[0, 1]","[1, 1]",2,[],[],[],[]
253,https://www.youtube.com/watch?v=1KolHeZS948,630.0,['FqFE28DLUWI '],[1],[1],1,[],[],[],[]
254,https://www.youtube.com/watch?v=rQ93-qbCkfY,773.0,['h1Wi4-o_ZmA '],[1],[1],1,[],[],[],[]
255,https://www.youtube.com/watch?v=FVT56cIXzsI,630.041,"['MjZkmUrqdHY ', 'g_qO0fcqKCk ']","[1, 1]","[1, 1]",2,[],[],[],[]
256,https://www.youtube.com/watch?v=HDJE7RRBn1o,558.0,['ftywoDPCyho '],[1],[1],1,[],[],[],[]
257,https://www.youtube.com/watch?v=_W-JkFvEjEk,836.0,"['zTcvKQLVL_Q ', 'XFiXpi9Q1mc ']","[0, 1]","[1, 1]",2,[],[],[],[]
258,https://www.youtube.com/watch?v=MeBHdGHQy8Y,815.0,"['wg1L1-plA9A ', 'sfj5oSS0s6g ', 'pHDt9MALFhc ']","[0, 1, 1]","[1, 1, 1]",3,[],[],[],[]
259,https://www.youtube.com/watch?v=p65dpx1BR7s,248.0,['Hme2dQGvXFU '],[0],[1],1,[],[],[],[]
260,https://www.youtube.com/watch?v=3vmhfqt8zas,940.101,[],[],[],0,[],[],[],[]
261,https://www.youtube.com/watch?v=ApwSYe8RXXA,314.101,[],[],[],0,[],[],[],[]
262,https://www.youtube.com/watch?v=b5hkYyOiJyg,629.821,[],[],[],0,[],[],[],[]
263,https://www.youtube.com/watch?v=JXSGL8OIuJI,671.541,[],[],[],0,[],[],[],[]
264,https://www.youtube.com/watch?v=gURH7dbUG-E,780.021,[],[],[],0,[],[],[],[]
265,https://www.youtube.com/watch?v=29lzzTVBsSk,775.941,[],[],[],0,[],[],[],[]
266,https://www.youtube.com/watch?v=24ctC2qDMIs,802.741,['tQnz_XdWYfY '],[0],[1],1,[],[],[],[]
267,https://www.youtube.com/watch?v=ApdhdtH1nsQ,650.661,[],[],[],0,[],[],[],[]
268,https://www.youtube.com/watch?v=CX9tzz3egBk,607.061,[],[],[],0,[],[],[],[]
269,https://www.youtube.com/watch?v=a7Tfe7rrAF0,740.021,[],[],[],0,[],[],[],[]
270,https://www.youtube.com/watch?v=ro9sVwZi5ws,749.941,['_4ecS3YN150 '],[1],[1],1,[],[],[],[]
271,https://www.youtube.com/watch?v=Kbp4ipCCBzo,708.621,['g_qO0fcqKCk '],[1],[1],1,[],[],[],[]
272,https://www.youtube.com/watch?v=CDiLAjYfaII,758.701,[],[],[],0,[],[],[],[]
273,https://www.youtube.com/watch?v=zzuh47uh7M0,468.421,[],[],[],0,[],[],[],[]
274,https://www.youtube.com/watch?v=RSESqBwdyQ4,527.101,['aAI1aYieI7U '],[0],[1],1,[],[],[],[]
275,https://www.youtube.com/watch?v=nbRhQeOGU-M,653.0,"['3116XH-dqO8 ', 'aAI1aYieI7U ']","[0, 1]","[1, 1]",2,[],[],[],[]
276,https://www.youtube.com/watch?v=yDWwz3wZFVg,408.361,[],[],[],0,[],[],[],[]
277,https://www.youtube.com/watch?v=r_2S3gxP9pQ,472.0,"['bQES_F6c7c8 ', 'MX_307s6-CE ']","[0, 1]","[1, 1]",2,[],[],[],[]
278,https://www.youtube.com/watch?v=YSPT1-AibmA,498.0,['g_qO0fcqKCk '],[0],[1],1,[],[],[],[]
279,https://www.youtube.com/watch?v=NA75jaXcROY,423.0,"['HQRv8ppYxos ', 'tY_CyFmMDFE ']","[0, 1]","[1, 1]",2,[],[],[],[]
280,https://www.youtube.com/watch?v=irB51vFw1QE,5293.421,"['1dtzSRlfBDk ', 'tQnz_XdWYfY ']","[1, 1]","[1, 1]",2,[],[],[],[]
281,https://www.youtube.com/watch?v=DT6BgaNLnhU,769.321,"['MjZkmUrqdHY ', '_4ecS3YN150 ', 'QQrL-dvevKM ']","[1, 1, 1]","[1, 1, 1]",3,[],[],[],[]
282,https://www.youtube.com/watch?v=VthTaODYLEE,419.541,[],[],[],0,[],[],[],[]
283,https://www.youtube.com/watch?v=BTd4f2k2F8Y,498.461,[],[],[],0,[],[],[],[]
284,https://www.youtube.com/watch?v=A2zHXxd8GLc,464.861,[],[],[],0,[],[],[],[]
285,https://www.youtube.com/watch?v=kOtsC7Iao8w,414.081,[],[],[],0,[],[],[],[]
286,https://www.youtube.com/watch?v=hscsM7yVZ6c,445.761,[],[],[],0,[],[],[],[]
287,https://www.youtube.com/watch?v=bXoa4AXKASY,383.301,[],[],[],0,[],[],[],[]
288,https://www.youtube.com/watch?v=0PrY1FnDOB8&,365.201,[],[],[],0,[],[],[],[]
289,https://www.youtube.com/watch?v=RA9uWYCEkQk,457.801,[],[],[],0,[],[],[],[]
290,https://www.youtube.com/watch?v=EapwjK5JszE,1605.681,[],[],[],0,[],[],[],[]
291,https://www.youtube.com/watch?v=ugw0Crfqfls,1147.0,['bQES_F6c7c8 '],[1],[1],1,[],[],[],[]
292,https://www.youtube.com/watch?v=WfvS2ujt5hU,912.0,[],[],[],0,[],[],[],[]
293,https://www.youtube.com/watch?v=yT7WVCNahaA,891.0,[],[],[],0,[],[],[],[]
294,https://www.youtube.com/watch?v=FnsVTjNluhk,1182.421,[],[],[],0,[],[],[],[]
295,https://www.youtube.com/watch?v=jRTatZE1f8o,911.001,['1dtzSRlfBDk '],[1],[1],1,[],[],[],[]
296,https://www.youtube.com/watch?v=ODbk-P4bRPw,991.0,"['rColrY4grU8 ', 'mLvsZAlbmIs ']","[0, 1]","[1, 1]",2,[],[],[],[]
297,https://www.youtube.com/watch?v=RMdE-IRX_t4,881.0,[],[],[],0,[],[],[],[]
298,https://www.youtube.com/watch?v=LKSz0PE-t_8,609.421,['tY_CyFmMDFE '],[1],[1],1,[],[],[],[]
299,https://www.youtube.com/watch?v=1hCgSSfPA2g,751.101,"['g_qO0fcqKCk ', 'tQnz_XdWYfY ']","[1, 1]","[1, 1]",2,[],[],[],[]
300,https://www.youtube.com/watch?v=3EUX3y9hyjI,577.541,"['aAI1aYieI7U ', 'rColrY4grU8 ']","[1, 1]","[1, 1]",2,[],[],[],[]
301,https://www.youtube.com/watch?v=5q_4ZMpwNyY,635.381,[],[],[],0,[],[],[],[]
302,https://www.youtube.com/watch?v=8pWzBQ9tZUc,827.021,['hkeAZyhRvNM '],[1],[1],1,[],[],[],[]
303,https://www.youtube.com/watch?v=ch5xj5wstMw,815.741,"['FCIQuntbdIE ', 'DxZVtma-lUo ']","[1, 1]","[1, 1]",2,[],[],[],[]
304,https://www.youtube.com/watch?v=J0LNpnD1u2U,625.0,"['g_qO0fcqKCk ', 'tQnz_XdWYfY ']","[0, 1]","[1, 1]",2,[],[],[],[]
305,https://www.youtube.com/watch?v=Jo3wupIfCGo,775.941,['rColrY4grU8 '],[1],[1],1,[],[],[],[]
306,https://www.youtube.com/watch?v=KSwGmBreGJA,756.821,"['ftywoDPCyho ', 'qYr6UhlAC-4 ']","[1, 1]","[1, 1]",2,[],[],[],[]
307,https://www.youtube.com/watch?v=OdmFsUPYf1I,324.581,[],[],[],0,[],[],[],[]
308,https://www.youtube.com/watch?v=qGv3YZKH-14,690.301,"['5MkzBHAqeR0 ', 'PiubytzLmOE ']","[1, 1]","[1, 1]",2,[],[],[],[]
309,https://www.youtube.com/watch?v=QKI4CB37TnE,937.621,['aAI1aYieI7U '],[1],[1],1,[],[],[],[]
310,https://www.youtube.com/watch?v=WHyDCDsk9SY,898.981,[],[],[],0,[],[],[],[]
311,https://www.youtube.com/watch?v=xR0j3zRTwA4,629.821,[],[],[],0,[],[],[],[]
312,https://www.youtube.com/watch?v=CeEebR35_cM,693.921,"['bQES_F6c7c8 ', '0I5z4YcjBTU ', 'Hxy0AEktdaQ ', 'g_qO0fcqKCk ']","[1, 0, 0, 1]","[1, 1, 1, 1]",4,[],[],[],[]
313,https://www.youtube.com/watch?v=duaNgON_4m4,796.221,"['QQrL-dvevKM ', 'sYIZad3yLdk ', 'LsU9wuqg8wQ ']","[1, 1, 1]","[1, 1, 1]",3,[],[],[],[]
314,https://www.youtube.com/watch?v=Go1EZWoYyGo,1172.001,"['pHDt9MALFhc ', 'mrWhoeOiZVg ']","[1, 1]","[1, 1]",2,[],[],[],[]
315,https://www.youtube.com/watch?v=uoLLAWwkPOs,921.021,"['_4ecS3YN150 ', 'DDL5qspSBgQ ', 'PiubytzLmOE ']","[1, 1, 1]","[1, 1, 1]",3,[],[],[],[]
316,https://www.youtube.com/watch?v=Y1uplGJVbX8,890.081,[],[],[],0,[],[],[],[]
317,https://www.youtube.com/watch?v=y25NEVF5-1g,738.821,"['vdrAiMVE_o0 ', 'g_qO0fcqKCk ', 'opNK4iEb5RI ', 'tQnz_XdWYfY ']","[1, 1, 1, 1]","[1, 1, 1, 1]",4,[],[],[],[]
318,https://www.youtube.com/watch?v=zslNn8Cd0-A,246.701,[],[],[],0,[],[],[],[]
319,https://www.youtube.com/watch?v=1YXmZvEdv6k,195.981,[],[],[],0,[],[],[],[]
320,https://www.youtube.com/watch?v=FcqZynKuqhI,234.801,[],[],[],0,[],[],[],[]
321,https://www.youtube.com/watch?v=lzmzZaB0kss,252.101,[],[],[],0,[],[],[],[]
322,https://www.youtube.com/watch?v=OMFQtY6655E,295.901,[],[],[],0,[],[],[],[]
323,https://www.youtube.com/watch?v=791CWHOkekg,291.881,[],[],[],0,[],[],[],[]
324,https://www.youtube.com/watch?v=pos_Lh_kYsE,196.201,[],[],[],0,[],[],[],[]
325,https://www.youtube.com/watch?v=vHZkHJA16NI,197.201,[],[],[],0,[],[],[],[]
326,https://www.youtube.com/watch?v=YaM4GHbEw8U,203.661,[],[],[],0,[],[],[],[]
327,https://www.youtube.com/watch?v=fM66POefeQA,153.461,[],[],[],0,[],[],[],[]
328,https://www.youtube.com/watch?v=pQ5GgslLgVQ,221.341,[],[],[],0,[],[],[],[]
329,https://www.youtube.com/watch?v=Tu_3z8Ul7OQ,290.581,[],[],[],0,[],[],[],[]
330,https://www.youtube.com/watch?v=nkwRyfE67EI,209.941,[],[],[],0,[],[],[],[]
331,https://www.youtube.com/watch?v=a_FiuHOiJiY,229.781,[],[],[],0,[],[],[],[]
332,https://www.youtube.com/watch?v=cWGo1tJqJXg,115.701,[],[],[],0,[],[],[],[]
333,https://www.youtube.com/watch?v=4c5VhysGxrA,1093.0,['UmXXzO7xs9s '],[1],[1],1,[],[],[],[]
334,https://www.youtube.com/watch?v=Dk3N1z-KF5U,693.0,[],[],[],0,[],[],[],[]
335,https://www.youtube.com/watch?v=0Vi6iTbEUo8,940.0,"['vdrAiMVE_o0 ', '_4ecS3YN150 ', 'aAI1aYieI7U ']","[0, 1, 1]","[1, 1, 1]",3,[],[],[],[]
336,https://www.youtube.com/watch?v=sgZ0UodF780,776.0,[],[],[],0,[],[],[],[]
337,https://www.youtube.com/watch?v=NDh8nRKgYhk,827.0,['SQIE6y9LzJY '],[0],[1],1,[],[],[],[]
338,https://www.youtube.com/watch?v=1WmxtJc5l3w,793.0,"['FCIQuntbdIE ', 'g_qO0fcqKCk ', 'aAI1aYieI7U ']","[0, 1, 1]","[1, 1, 1]",3,[],[],[],[]
339,https://www.youtube.com/watch?v=CDA0mwN2-gI,773.0,"['CxUcLE-SuqE ', 'P4BYDo8b6qM ']","[1, 1]","[1, 1]",2,[],[],[],[]
340,https://www.youtube.com/watch?v=0aN4aIGg598,475.0,[],[],[],0,[],[],[],[]
341,https://www.youtube.com/watch?v=a6KTlcffMG4,836.261,['JsOOis4bBFg '],[1],[1],1,[],[],[],[]
342,https://www.youtube.com/watch?v=57pVOFp0LOw,744.021,[],[],[],0,[],[],[],[]
343,https://www.youtube.com/watch?v=u2PnRla7ETc,393.901,[],[],[],0,[],[],[],[]
344,https://www.youtube.com/watch?v=AbX_yXe09Wg,784.0,"['wnpNJTYI2kQ ', 'LsU9wuqg8wQ ', 'VC5uZc0ULg0 ']","[1, 1, 1]","[1, 1, 1]",3,[],[],[],[]
345,https://www.youtube.com/watch?v=514aJEErDEw,1000.0,"['9agloaYj4tY ', '7-xteQBEMPw ']","[0, 1]","[1, 1]",2,[],[],[],[]
346,https://www.youtube.com/watch?v=oSGzL508PZY,776.421,['aAI1aYieI7U '],[1],[1],1,[],[],[],[]
347,https://www.youtube.com/watch?v=onPNk31g8eQ,3195.161,['3P1VvqqiVjM '],[1],[1],1,[],[],[],[]
348,https://www.youtube.com/watch?v=ncCSm8gRU_w,558.621,[],[],[],0,[],[],[],[]
349,https://www.youtube.com/watch?v=rVND3ePG5Xw,817.0,['bQ_2sbvsrl8 '],[1],[1],1,[],[],[],[]
350,https://www.youtube.com/watch?v=2jtvZar0sJw,291.101,[],[],[],0,[],[],[],[]
351,https://www.youtube.com/watch?v=KiRHUqAB-m8,234.021,['27MjntKCqic '],[1],[1],1,[],[],[],[]
352,https://www.youtube.com/watch?v=HC_uNyXi_oU,635.201,[],[],[],0,[],[],[],[]
353,https://www.youtube.com/watch?v=dQUtu_DqijM,322.0,['UmXXzO7xs9s '],[1],[1],1,[],[],[],[]
354,https://www.youtube.com/watch?v=QkEDZyR3Wtg,304.561,[],[],[],0,[],[],[],[]
355,https://www.youtube.com/watch?v=50tllr8dRjo,542.001,[],[],[],0,[],[],[],[]
356,https://www.youtube.com/watch?v=BCbEWa3S3zk,717.901,[],[],[],0,[],[],[],[]
357,https://www.youtube.com/watch?v=85PilBCJMWM,168.441,[],[],[],0,[],[],[],[]
358,https://www.youtube.com/watch?v=swsVvlBhZIg,235.921,[],[],[],0,[],[],[],[]
359,https://www.youtube.com/watch?v=oTeUp2KLLys,490.801,[],[],[],0,[],[],[],[]
360,https://www.youtube.com/watch?v=R4RWs0kg4o0,737.261,[],[],[],0,[],[],[],[]
361,https://www.youtube.com/watch?v=b7azSAS1DNc,483.301,[],[],[],0,[],[],[],[]
362,https://www.youtube.com/watch?v=ICdUOQSAqtk,263.881,[],[],[],0,[],[],[],[]
363,https://www.youtube.com/watch?v=1SfVEUTI124,625.781,['Hxy0AEktdaQ '],[0],[1],1,[],[],[],[]
364,https://www.youtube.com/watch?v=1vAvnammr_s,552.661,[],[],[],0,[],[],[],[]
365,https://www.youtube.com/watch?v=76xIP9QCDFk,693.381,"['s27kADZ-qeg ', 'CxUcLE-SuqE ']","[1, 1]","[1, 1]",2,[],[],[],[]
366,https://www.youtube.com/watch?v=_JfZ_yjquGM,802.741,[],[],[],0,[],[],[],[]
367,https://www.youtube.com/watch?v=h2dV1svRmc8,750.461,['TjxskTJd9eM '],[1],[1],1,[],[],[],[]
368,https://www.youtube.com/watch?v=aR6_M2uGyVE,867.421,['pHDt9MALFhc '],[1],[1],1,[],[],[],[]
369,https://www.youtube.com/watch?v=ihursc3A6qQ,776.421,['DDL5qspSBgQ '],[1],[1],1,[],[],[],[]
370,https://www.youtube.com/watch?v=Elyw-mLjYUM,452.061,[],[],[],0,[],[],[],[]
371,https://www.youtube.com/watch?v=IlE04UeUcF8,974.0,['JsOOis4bBFg '],[0],[1],1,[],[],[],[]
372,https://www.youtube.com/watch?v=RMXaOgq-wNA,775.941,['hkeAZyhRvNM '],[1],[1],1,[],[],[],[]
373,https://www.youtube.com/watch?v=NCLYD1KNTKM,815.741,['g_qO0fcqKCk '],[1],[1],1,[],[],[],[]
374,https://www.youtube.com/watch?v=7UlvSAg7RlU,555.021,"['opNK4iEb5RI ', 'aAI1aYieI7U ']","[1, 1]","[1, 1]",2,[],[],[],[]
375,https://www.youtube.com/watch?v=PrUMnBEiAAQ,945.601,['s27kADZ-qeg '],[1],[1],1,[],[],[],[]
376,https://www.youtube.com/watch?v=SdQdVQZ2xxU,758.701,['JsOOis4bBFg '],[1],[1],1,[],[],[],[]
377,https://www.youtube.com/watch?v=nmx8nzh0wVI,747.261,['wnpNJTYI2kQ '],[1],[1],1,[],[],[],[]
378,https://www.youtube.com/watch?v=AcjFeImFqtM,773.0,['3P1VvqqiVjM '],[0],[1],1,[],[],[],[]
379,https://www.youtube.com/watch?v=AKR1ey-Xgdc,98.481,[],[],[],0,[],[],[],[]
380,https://www.youtube.com/watch?v=d_iQR8MHCX4,290.861,[],[],[],0,[],[],[],[]
381,https://www.youtube.com/watch?v=BqBuG2hHVTQ,292.141,[],[],[],0,[],[],[],[]
382,https://www.youtube.com/watch?v=vcYiybsRPJ0,95.361,[],[],[],0,[],[],[],[]
383,https://www.youtube.com/watch?v=DK-jGEcY4dM,168.061,[],[],[],0,[],[],[],[]
384,https://www.youtube.com/watch?v=ZlOWVCA5MzY,291.281,[],[],[],0,[],[],[],[]
385,https://www.youtube.com/watch?v=KOmZrGeyoBI,168.061,[],[],[],0,[],[],[],[]
386,https://www.youtube.com/watch?v=83x0Y2-biqM,183.321,[],[],[],0,[],[],[],[]
387,https://www.youtube.com/watch?v=H5umehycNwg,69.321,[],[],[],0,[],[],[],[]
388,https://www.youtube.com/watch?v=7J7l13y_jN0,398.061,[],[],[],0,[],[],[],[]
389,https://www.youtube.com/watch?v=cazLd6gaLbY,291.201,[],[],[],0,[],[],[],[]
390,https://www.youtube.com/watch?v=7dnLvW5Iv-E,493.021,['g_qO0fcqKCk '],[0],[1],1,[],[],[],[]
391,https://www.youtube.com/watch?v=nzM1s52MHYg,292.521,[],[],[],0,[],[],[],[]
392,https://www.youtube.com/watch?v=uUqBNRUUVM4,223.641,[],[],[],0,[],[],[],[]
393,https://www.youtube.com/watch?v=hCLLf3sZEW8,867.0,"['aAI1aYieI7U ', 'vdrAiMVE_o0 ', 'g_qO0fcqKCk ']","[0, 1, 1]","[1, 1, 1]",3,[],[],[],[]
394,https://www.youtube.com/watch?v=otNx20ruo84,940.101,['nOxZiav_pv8 '],[1],[1],1,[],[],[],[]
395,https://www.youtube.com/watch?v=vOmmygrs1c4,815.0,"['HQRv8ppYxos ', 'QQrL-dvevKM ', '3116XH-dqO8 ']","[0, 1, 1]","[1, 1, 1]",3,[],[],[],[]
396,https://www.youtube.com/watch?v=IBUZfuOP1c0,605.0,"['JsOOis4bBFg ', 'dWaYCdf7Fkk ', 'tQk6tR89eb0 ']","[1, 1, 1]","[1, 1, 1]",3,[],[],[],[]
397,https://www.youtube.com/watch?v=07oeB3cxuvc,750.0,"['5FuVGcRNo_g ', '_4ecS3YN150 ', 'QQrL-dvevKM ']","[0, 1, 1]","[1, 1, 1]",3,[],[],[],[]
398,https://www.youtube.com/watch?v=uhxZ5e9rN80,672.0,['-WKTSTHadv8 '],[0],[1],1,[],[],[],[]
399,https://www.youtube.com/watch?v=v2tT05J3BvM,1093.061,[],[],[],0,[],[],[],[]
400,https://www.youtube.com/watch?v=MlS8IOMVFbU,790.461,[],[],[],0,[],[],[],[]
401,https://www.youtube.com/watch?v=I9QcqzXZ5rc,693.381,[],[],[],0,[],[],[],[]
402,https://www.youtube.com/watch?v=idHHyx-62Ys,945.341,[],[],[],0,[],[],[],[]
403,https://www.youtube.com/watch?v=UVJwHk5AE_E,937.621,[],[],[],0,[],[],[],[]
404,https://www.youtube.com/watch?v=ap0t1T_qvN8,832.181,[],[],[],0,[],[],[],[]
405,https://www.youtube.com/watch?v=PL2BF4vE2TE,690.301,[],[],[],0,[],[],[],[]
406,https://www.youtube.com/watch?v=C1NV9yKNKw4,776.0,"['aAI1aYieI7U ', '_4ecS3YN150 ', 'g_qO0fcqKCk ']","[0, 1, 1]","[1, 1, 1]",3,[],[],[],[]
407,https://www.youtube.com/watch?v=gWrlJ1Oz80I,559.0,['b4Ns3_eeQeY '],[0],[1],1,[],[],[],[]
408,https://www.youtube.com/watch?v=4k_6wEgIMUs,1518.0,"['aAI1aYieI7U ', '_4ecS3YN150 ']","[0, 1]","[1, 1]",2,[],[],[],[]
409,https://www.youtube.com/watch?v=grZ6MjCi-_A,1290.321,"['dWaYCdf7Fkk ', 'z5sNJDZ5iDI ', 'opNK4iEb5RI ', 'g_qO0fcqKCk ']","[1, 1, 1, 1]","[1, 1, 1, 1]",4,[],[],[],[]
410,https://www.youtube.com/watch?v=OA7_QYkz_uo,1599.0,"['JsOOis4bBFg ', '_4ecS3YN150 ', '3116XH-dqO8 ', 'QQrL-dvevKM ']","[0, 1, 1, 1]","[1, 1, 1, 1]",4,[],[],[],[]
411,https://www.youtube.com/watch?v=V1bXq1e88w0,668.861,['g_qO0fcqKCk '],[1],[1],1,[],[],[],[]
412,https://www.youtube.com/watch?v=_e6yZgnUEd4,1414.041,['ptVDZLmuCbY '],[1],[1],1,[],[],[],[]
413,https://www.youtube.com/watch?v=qmUAvrKaqCM,1841.0,[],[],[],0,[],[],[],[]
414,https://www.youtube.com/watch?v=4jRKaNy4lXA,2100.361,[],[],[],0,[],[],[],[]
415,https://www.youtube.com/watch?v=K6rFhxYHcMo,2712.921,[],[],[],0,[],[],[],[]
416,https://www.youtube.com/watch?v=IXO2cl0vreU,3644.021,[],[],[],0,[],[],[],[]
417,https://www.youtube.com/watch?v=HAsBb_Ur3PA,2532.881,[],[],[],0,[],[],[],[]
418,https://www.youtube.com/watch?v=MOvU4Bqlz0U,504.721,[],[],[],0,[],[],[],[]
419,https://www.youtube.com/watch?v=ujfKpO-93Ig,485.381,[],[],[],0,[],[],[],[]
420,https://www.youtube.com/watch?v=GxcGVCEEdcU,248.021,[],[],[],0,[],[],[],[]
421,https://www.youtube.com/watch?v=NUyT3uhbS0g,758.741,"['_4ecS3YN150 ', '3OgB6UCIh9E ', '4Q9PzMdxblw ', 'JyU27baiE5c ']","[1, 0, 0, 0]","[1, 1, 1, 1]",4,[],[],[],[]
422,https://www.youtube.com/watch?v=harPlrV-7-I,836.821,['Nipeto2bt3U '],[1],[1],1,[],[],[],[]
423,https://www.youtube.com/watch?v=aYm1rvL2aP8,940.0,"['QQrL-dvevKM ', 'xQOBkMe5uOk ', '_4ecS3YN150 ']","[1, 1, 0]","[1, 1, 1]",3,[],[],[],[]
424,https://www.youtube.com/watch?v=LXtPnXbMtuQ,821.0,"['AHkZT6BKg10 ', 'qYr6UhlAC-4 ', 'tQnz_XdWYfY ']","[1, 1, 1]","[1, 1, 1]",3,[],[],[],[]
425,https://www.youtube.com/watch?v=1_BS7UGKZEo,802.741,"['WGydCqjJoBY ', '6geRw7v--YY ', 'tY_CyFmMDFE ']","[1, 1, 1]","[1, 1, 1]",3,[],[],[],[]
426,https://www.youtube.com/watch?v=HHruVzAwGfk,317.0,"['rEgOwG3aKNc ', '33PoMiGR3JQ ']","[1, 1]","[1, 1]",2,[],[],[],[]
427,https://www.youtube.com/watch?v=xcKD3yLOJbo,651.0,"['NPEXN4GLK3Y ', 'YfFtOIFurvU ']","[1, 0]","[1, 1]",2,[],[],[],[]
428,https://www.youtube.com/watch?v=oMiayRL7Bec,867.0,"['YUChC2l0gUQ ', 'tY_CyFmMDFE ']","[0, 1]","[1, 1]",2,[],[],[],[]
429,https://www.youtube.com/watch?v=Tmo4XgTHkxQ,605.081,"['bQES_F6c7c8 ', 'D25XFwlPxhU ']","[1, 1]","[1, 1]",2,[],[],[],[]
430,https://www.youtube.com/watch?v=DMfcflmvPI0,873.601,"['aAI1aYieI7U ', 'UmXXzO7xs9s ', 'HQRv8ppYxos ', '3OgB6UCIh9E ']","[1, 1, 0, 1]","[1, 1, 1, 1]",4,[],[],[],[]
431,https://www.youtube.com/watch?v=YO6bsec5Fhc,483.101,"['nOxZiav_pv8 ', '4lfREv23G4w ']","[1, 1]","[1, 1]",2,[],[],[],[]
432,https://www.youtube.com/watch?v=nscQYCknQGk,553.061,"['g_qO0fcqKCk ', 'sKKRzx6GXv8 ', 'bQ_2sbvsrl8 ']","[1, 1, 1]","[1, 1, 1]",3,[],[],[],[]
433,https://www.youtube.com/watch?v=ao_c2Ij0xbQ,484.681,[],[],[],0,[],[],[],[]
434,https://www.youtube.com/watch?v=e0ooJAl_xbo,490.421,[],[],[],0,[],[],[],[]
435,https://www.youtube.com/watch?v=dM__TIx1p48,523.421,['vdrAiMVE_o0 '],[0],[1],1,[],[],[],[]
436,https://www.youtube.com/watch?v=tNXmn156Upw,1824.621,['ptVDZLmuCbY '],[1],[1],1,[],[],[],[]
437,https://www.youtube.com/watch?v=cb_R1JpUZIs,1802.941,"['bQES_F6c7c8 ', 'Lkf52JaLffE ']","[1, 1]","[1, 1]",2,[],[],[],[]
438,https://www.youtube.com/watch?v=nw3gSiBPHpQ,1805.0,"['aAI1aYieI7U ', 'FjH7uyLJv5A ', 'AHkZT6BKg10 ']","[0, 0, 1]","[1, 1, 1]",3,[],[],[],[]
439,https://www.youtube.com/watch?v=3cw_-XXGMm0,143.761,[],[],[],0,[],[],[],[]
440,https://www.youtube.com/watch?v=yH9i1g4nw_M,135.641,[],[],[],0,[],[],[],[]
441,https://www.youtube.com/watch?v=OypPDQEYUww,175.861,[],[],[],0,[],[],[],[]
442,https://www.youtube.com/watch?v=aw3k3oMHSHo,176.281,[],[],[],0,[],[],[],[]
443,https://www.youtube.com/watch?v=HvhWaOuucQM,157.661,[],[],[],0,[],[],[],[]
444,https://www.youtube.com/watch?v=d6xdV8VAqBY,124.161,[],[],[],0,[],[],[],[]
445,https://www.youtube.com/watch?v=6XnLQjIlzuo,608.061,"['aAI1aYieI7U ', 'bQES_F6c7c8 ']","[0, 1]","[1, 1]",2,[],[],[],[]
446,https://www.youtube.com/watch?v=gA_zNJQ5p9k,655.621,"['_4ecS3YN150 ', '3OgB6UCIh9E ']","[1, 0]","[1, 1]",2,[],[],[],[]
447,https://www.youtube.com/watch?v=5OC7Jg2gII8,449.301,[],[],[],0,[],[],[],[]
448,https://www.youtube.com/watch?v=d5iBAbQdpCE,97.861,[],[],[],0,[],[],[],[]
449,https://www.youtube.com/watch?v=9_smiKkjytI,578.021,['af23BtFBkvo '],[1],[1],1,[],[],[],[]
450,https://www.youtube.com/watch?v=9Z0jXwaY7p0,120.0,['ptVDZLmuCbY '],[0],[1],1,[],[],[],[]
451,https://www.youtube.com/watch?v=qFwqzXN2qFw,708.061,"['bQ_2sbvsrl8 ', 'JyU27baiE5c ']","[0, 0]","[1, 1]",2,[],[],[],[]
452,https://www.youtube.com/watch?v=z-BgoOYxVIM,90.421,['vdrAiMVE_o0 '],[1],[1],1,[],[],[],[]
453,https://www.youtube.com/watch?v=sdp2rw53beE,859.101,[],[],[],0,[],[],[],[]
454,https://www.youtube.com/watch?v=QWljBErgRRs,515.0,"['3116XH-dqO8 ', '_4ecS3YN150 ']","[0, 0]","[1, 1]",2,[],[],[],[]
455,https://www.youtube.com/watch?v=fujbLEXfXk8,482.941,[],[],[],0,[],[],[],[]
456,https://www.youtube.com/watch?v=5t4JLSJaXmo,106.221,[],[],[],0,[],[],[],[]
457,https://www.youtube.com/watch?v=NSnBi9Qhjns,92.261,[],[],[],0,[],[],[],[]
458,https://www.youtube.com/watch?v=_ClGhzygxqU,608.861,"['d4QEzgPanW4 ', 'NEdizG9m33o ']","[1, 1]","[1, 1]",2,[],[],[],[]
459,https://www.youtube.com/watch?v=9j3T9LJhIFg,602.581,"['Qiop6hQSopw ', '1dtzSRlfBDk ']","[1, 1]","[1, 1]",2,[],[],[],[]
460,https://www.youtube.com/watch?v=Umr5AzFrBB8,279.101,[],[],[],0,[],[],[],[]
461,https://www.youtube.com/watch?v=IIgogPZ5wgg,296.0,['3pGAs-a-k84 '],[0],[1],1,[],[],[],[]
462,https://www.youtube.com/watch?v=16IIxFUhcZ4,389.501,[],[],[],0,[],[],[],[]
463,https://www.youtube.com/watch?v=Hh2Fk4ekBiY,256.681,[],[],[],0,[],[],[],[]
464,https://www.youtube.com/watch?v=7bGvtR2ypa0,196.521,[],[],[],0,[],[],[],[]
465,https://www.youtube.com/watch?v=-QO7KNc3uV8,250.141,[],[],[],0,[],[],[],[]
466,https://www.youtube.com/watch?v=daLWlx2Xips,710.301,"['aAI1aYieI7U ', 'sYIZad3yLdk ', 'A-0f0J1Sscw ', 'XFiXpi9Q1mc ']","[1, 1, 1, 0]","[1, 1, 1, 1]",4,[],[],[],[]
467,https://www.youtube.com/watch?v=T4JJwDpFUTs,869.0,"['1dtzSRlfBDk ', 'IRMOmgwdP-s ', 'OAHjT4EMCvU ', 'bQ_2sbvsrl8 ']","[0, 1, 0, 0]","[1, 1, 1, 1]",4,[],[],[],[]
468,https://www.youtube.com/watch?v=dkiywINycps,886.0,"['bQ_2sbvsrl8 ', 'n-W_NK035GM ', 'QQrL-dvevKM ', '4Q9PzMdxblw ']","[1, 1, 1, 1]","[1, 1, 1, 1]",4,[],[],[],[]
469,https://www.youtube.com/watch?v=uOq6jrR25nQ,841.101,"['JyU27baiE5c ', 'Nipeto2bt3U ']","[1, 1]","[1, 1]",2,[],[],[],[]
470,https://www.youtube.com/watch?v=XboC10sAj8U,933.981,['vdrAiMVE_o0 '],[1],[1],1,[],[],[],[]
471,https://www.youtube.com/watch?v=hcmya64ipDM,716.0,"['FCvv6pR-U8M ', 'nTlzN0-KfQk ']","[0, 0]","[1, 1]",2,[],[],[],[]
472,https://www.youtube.com/watch?v=vPsVnD10JE0,671.0,"['3116XH-dqO8 ', '_BIWMIqBbrw ', 'bQ_2sbvsrl8 ']","[1, 1, 1]","[1, 1, 1]",3,[],[],[],[]
473,https://www.youtube.com/watch?v=Bily6LGHZAg,682.021,"['QQrL-dvevKM ', '5NLE0xtd0ps ']","[1, 1]","[1, 1]",2,[],[],[],[]
474,https://www.youtube.com/watch?v=NTTbR2_ru1E,758.0,['DT59KQ1MNsg '],[0],[1],1,[],[],[],[]
475,https://www.youtube.com/watch?v=uOvRXvqR2ak,691.101,['AHkZT6BKg10 '],[0],[1],1,[],[],[],[]
476,https://www.youtube.com/watch?v=NM_zUf04A0g,653.481,"['DBheqz0yYow ', '7YrmOZz0X_s ']","[1, 1]","[1, 1]",2,[],[],[],[]
477,https://www.youtube.com/watch?v=tFnVWGAzsPo,770.0,"['yIX1Goa70K4 ', 'vdrAiMVE_o0 ', 'iXqdbQn2t_8 ']","[0, 0, 1]","[1, 1, 1]",3,[],[],[],[]
478,https://www.youtube.com/watch?v=AJOegIcwwSQ,612.0,"['6geRw7v--YY ', '_tWtQpktIt8 ', 'BilSQFcLOiI ']","[0, 1, 1]","[1, 1, 1]",3,[],[],[],[]
479,https://www.youtube.com/watch?v=69kGqLerVQs,793.0,"['eX2BD8YxRBM ', 'Occ5tz7IwgA ', 'VtCzls9o944 ', 'HQRv8ppYxos ']","[0, 0, 1, 1]","[1, 1, 1, 1]",4,[],[],[],[]
480,https://www.youtube.com/watch?v=mxjMYet0jCk,793.461,"['dMtFHoOne_o ', 'yppVhj1OpVk ', 'IJZUvLg510o ']","[1, 1, 1]","[1, 1, 1]",3,[],[],[],[]
481,https://www.youtube.com/watch?v=3vDuSr2VLmw,377.101,[],[],[],0,[],[],[],[]
482,https://www.youtube.com/watch?v=QbE5JpYWhGk,119.0,['RJjfACkbhv8 '],[0],[1],1,[],[],[],[]
483,https://www.youtube.com/watch?v=gKBPKJnRlnU,509.841,"['aAI1aYieI7U ', 'bQES_F6c7c8 ']","[1, 1]","[1, 1]",2,[],[],[],[]
484,https://www.youtube.com/watch?v=TCaUoYC_qXI,249.741,[],[],[],0,[],[],[],[]
485,https://www.youtube.com/watch?v=RaDRlUB1uu8,169.421,[],[],[],0,[],[],[],[]
486,https://www.youtube.com/watch?v=3y_nxxLq_VY,752.361,"['tQnz_XdWYfY ', 'YfFtOIFurvU ', 'bQ_2sbvsrl8 ']","[1, 1, 1]","[1, 1, 1]",3,[],[],[],[]
487,https://www.youtube.com/watch?v=QoWJXs0fD-M,625.561,[],[],[],0,[],[],[],[]
488,https://www.youtube.com/watch?v=eMoSqI5O9kQ,156.841,['nOxZiav_pv8 '],[1],[1],1,[],[],[],[]
489,https://www.youtube.com/watch?v=zUXEEsHqEiY,647.601,"['JyU27baiE5c ', 'hhh4S_LtCyM ']","[1, 1]","[1, 1]",2,[],[],[],[]
490,https://www.youtube.com/watch?v=bn4E7AoUQuk,664.0,"['HJ1JHqYqkLY ', 'eiZCsCCEBmk ', 'W4IYA-hx2BU ', 'g_qO0fcqKCk ']","[1, 1, 1, 1]","[1, 1, 1, 1]",4,[],[],[],[]
491,https://www.youtube.com/watch?v=it3Td-JNc8o,74.261,[],[],[],0,[],[],[],[]
492,https://www.youtube.com/watch?v=SJjZXrUWKGo,818.121,['vdrAiMVE_o0 '],[1],[1],1,[],[],[],[]
493,https://www.youtube.com/watch?v=zEnppRdS7Jw,256.061,[],[],[],0,[],[],[],[]
494,https://www.youtube.com/watch?v=HvsGKwzTIWY,138.241,[],[],[],0,[],[],[],[]
495,https://www.youtube.com/watch?v=UcSQdQn21JI,293.741,[],[],[],0,[],[],[],[]
496,https://www.youtube.com/watch?v=pRQ_5EpWvbg,155.061,[],[],[],0,[],[],[],[]
497,https://www.youtube.com/watch?v=9jEcSYzd6vY,257.401,[],[],[],0,[],[],[],[]
498,https://www.youtube.com/watch?v=A5fij5tfxjA,204.641,[],[],[],0,[],[],[],[]
499,https://www.youtube.com/watch?v=RVU3VVWoUDo,247.561,[],[],[],0,[],[],[],[]
500,https://www.youtube.com/watch?v=KRaxgavfpS8,224.341,[],[],[],0,[],[],[],[]
501,https://www.youtube.com/watch?v=UARY7GsdAK4,229.381,[],[],[],0,[],[],[],[]
502,https://www.youtube.com/watch?v=GmqIJHbBDSs,165.341,[],[],[],0,[],[],[],[]
503,https://www.youtube.com/watch?v=aVmy-wtNLe4,230.421,[],[],[],0,[],[],[],[]
504,https://www.youtube.com/watch?v=ahUlvAbKU5E,365.101,[],[],[],0,[],[],[],[]
505,https://www.youtube.com/watch?v=PsEuPeBkkqY,254.041,[],[],[],0,[],[],[],[]
506,https://www.youtube.com/watch?v=R0gl4eDqTO4,280.261,[],[],[],0,[],[],[],[]
507,https://www.youtube.com/watch?v=5dFbn4uWZ8c,410.841,[],[],[],0,[],[],[],[]
508,https://www.youtube.com/watch?v=pT5pePmusdg,236.961,[],[],[],0,[],[],[],[]
509,https://www.youtube.com/watch?v=yP1gaOov2nk,234.381,[],[],[],0,[],[],[],[]
510,https://www.youtube.com/watch?v=ePdCFPcwVos,283.341,[],[],[],0,[],[],[],[]
511,https://www.youtube.com/watch?v=YHmzYZxlwKs,577.541,"['bQ_2sbvsrl8 ', 'aAI1aYieI7U ']","[1, 1]","[1, 1]",2,[],[],[],[]
512,https://www.youtube.com/watch?v=PdlGj1fkj2g,566.0,['cTrz6RBTomA '],[0],[1],1,[],[],[],[]
513,https://www.youtube.com/watch?v=TTG-M7CKi58,1093.061,"['YqQ-yEvrj5A ', 'VPpJOe-EqHI ']","[1, 1]","[1, 1]",2,[],[],[],[]
514,https://www.youtube.com/watch?v=RVcv1KlvD50,552.661,['eiZCsCCEBmk '],[1],[1],1,[],[],[],[]
515,https://www.youtube.com/watch?v=68JOgtt15Zs,248.0,['IUv1Z1z-s6k '],[1],[1],1,[],[],[],[]
516,https://www.youtube.com/watch?v=z5UI2yU3f1c,673.781,"['g_qO0fcqKCk ', '6geRw7v--YY ']","[1, 1]","[1, 1]",2,[],[],[],[]
517,https://www.youtube.com/watch?v=WxpRO_8JQkM,558.621,[],[],[],0,[],[],[],[]
518,https://www.youtube.com/watch?v=8z8lM5TojSU,740.0,"['XmCHxT4nAmc ', 'JyU27baiE5c ']","[1, 1]","[1, 1]",2,[],[],[],[]
519,https://www.youtube.com/watch?v=cKTJKugA_Rc,815.021,"['jbbqZe08g9w ', 'DEjgK96R0GA ']","[0, 1]","[1, 1]",2,[],[],[],[]
520,https://www.youtube.com/watch?v=4JdMyH00gj4,693.0,"['5NLE0xtd0ps ', 'tQk6tR89eb0 ', 'ep5RoXJR91M ', 'g_qO0fcqKCk ']","[1, 1, 1, 1]","[1, 1, 1, 1]",4,[],[],[],[]
521,https://www.youtube.com/watch?v=_HZA83cEPOg,945.341,"['JyU27baiE5c ', 'fI6zMgmJ20s ']","[1, 1]","[1, 1]",2,[],[],[],[]
522,https://www.youtube.com/watch?v=MtN1YnoL46Q,191.881,[],[],[],0,[],[],[],[]
523,https://www.youtube.com/watch?v=7jjcAuEYW9M,155.921,[],[],[],0,[],[],[],[]
524,https://www.youtube.com/watch?v=Ru4a-js4My4,215.181,[],[],[],0,[],[],[],[]
525,https://www.youtube.com/watch?v=1oQfagXfBqE,96.641,[],[],[],0,[],[],[],[]
526,https://www.youtube.com/watch?v=6iEyczP0qyQ,192.221,[],[],[],0,[],[],[],[]
527,https://www.youtube.com/watch?v=NIa3d2wvgX8,60.361,[],[],[],0,[],[],[],[]
528,https://www.youtube.com/watch?v=OZ4pRZuZaSc,194.461,[],[],[],0,[],[],[],[]
529,https://www.youtube.com/watch?v=mKuKeTcJZEo,665.461,[],[],[],0,[],[],[],[]
530,https://www.youtube.com/watch?v=_MPoKPf5Wvc,482.601,[],[],[],0,[],[],[],[]
531,https://www.youtube.com/watch?v=WyungiTaX_0,497.781,[],[],[],0,[],[],[],[]
532,https://www.youtube.com/watch?v=TU7Zu3j7WpA,658.121,[],[],[],0,[],[],[],[]
533,https://www.youtube.com/watch?v=xEc7pgF-C7E,756.881,[],[],[],0,[],[],[],[]
534,https://www.youtube.com/watch?v=dBWOUfzYn6Q,479.241,[],[],[],0,[],[],[],[]
535,https://www.youtube.com/watch?v=rH7joDk-uTQ,571.521,[],[],[],0,[],[],[],[]
536,https://www.youtube.com/watch?v=yY7yHidgjRI,209.981,[],[],[],0,[],[],[],[]
537,https://www.youtube.com/watch?v=j8is1u9CM9w,557.621,[],[],[],0,[],[],[],[]
538,https://www.youtube.com/watch?v=KiYBe86STf4,485.021,[],[],[],0,[],[],[],[]
539,https://www.youtube.com/watch?v=N5lZ0PELlwI,508.801,[],[],[],0,[],[],[],[]
540,https://www.youtube.com/watch?v=0PSXmLP12XY,130.181,[],[],[],0,[],[],[],[]
541,https://www.youtube.com/watch?v=nVAzikiJ98A,174.901,[],[],[],0,[],[],[],[]
542,https://www.youtube.com/watch?v=43rGq_Mum5Q,296.0,"['aAI1aYieI7U ', 'kyCwoc0knFY ']","[0, 1]","[1, 1]",2,[],[],[],[]
543,https://www.youtube.com/watch?v=-AiGxGFX8n0,266.861,['4d3kuO1IdJE '],[1],[1],1,[],[],[],[]
544,https://www.youtube.com/watch?v=K0HvvjeaTco,298.361,[],[],[],0,[],[],[],[]
545,https://www.youtube.com/watch?v=s5XH6COm3Xo,203.0,"['bQ_2sbvsrl8 ', 'ciOU_smZnqA ']","[1, 1]","[1, 1]",2,[],[],[],[]
546,https://www.youtube.com/watch?v=va-74qE_faQ,172.0,['3116XH-dqO8 '],[0],[1],1,[],[],[],[]
547,https://www.youtube.com/watch?v=tn-Y0Rr1JLQ,190.0,"['_U5kjRN6ZUc ', 'AHkZT6BKg10 ']","[1, 1]","[1, 1]",2,[],[],[],[]
548,https://www.youtube.com/watch?v=52RG2JGhuBY,162.0,['5NLE0xtd0ps '],[0],[1],1,[],[],[],[]
549,https://www.youtube.com/watch?v=kMstrkv7Twg,203.781,[],[],[],0,[],[],[],[]
550,https://www.youtube.com/watch?v=rQnt5Mh0B24,195.561,[],[],[],0,[],[],[],[]
551,https://www.youtube.com/watch?v=IvgvpgACYi0,207.281,[],[],[],0,[],[],[],[]
552,https://www.youtube.com/watch?v=GcYXuQPlRvw&ab,223.261,[],[],[],0,[],[],[],[]
553,https://www.youtube.com/watch?v=X54vAwRUfso&ab,278.161,[],[],[],0,[],[],[],[]
554,https://www.youtube.com/watch?v=p7_EemV-k6s&ab,213.261,[],[],[],0,[],[],[],[]
555,https://www.youtube.com/watch?v=metpFkwRmps&ab,246.781,[],[],[],0,[],[],[],[]
556,https://www.youtube.com/watch?v=K0HvvjeaTco&ab,298.361,[],[],[],0,[],[],[],[]
557,https://www.youtube.com/watch?v=tn-Y0Rr1JLQ&ab,189.621,[],[],[],0,[],[],[],[]
558,https://www.youtube.com/watch?v=metpFkwRmps&ab,246.781,[],[],[],0,[],[],[],[]
559,https://www.youtube.com/watch?v=p7_EemV-k6s&ab,213.261,[],[],[],0,[],[],[],[]
560,https://www.youtube.com/watch?v=GcYXuQPlRvw&ab,223.261,[],[],[],0,[],[],[],[]
561,https://www.youtube.com/watch?v=X54vAwRUfso&ab,278.161,[],[],[],0,[],[],[],[]
562,https://www.youtube.com/watch?v=43rGq_Mum5Q&ab,295.761,[],[],[],0,[],[],[],[]
563,https://www.youtube.com/watch?v=kMstrkv7Twg&ab,203.781,[],[],[],0,[],[],[],[]
564,https://www.youtube.com/watch?v=0PSXmLP12XY&ab,130.181,[],[],[],0,[],[],[],[]
565,https://www.youtube.com/watch?v=52RG2JGhuBY&ab,162.121,[],[],[],0,[],[],[],[]
566,https://www.youtube.com/watch?v=KlfvNqYduCE,379.281,[],[],[],0,[],[],[],[]
567,https://www.youtube.com/watch?v=PhlcZMTdM80,494.981,"['aAI1aYieI7U ', 'CMq7MiwVUBk ']","[1, 1]","[1, 1]",2,[],[],[],[]
568,https://www.youtube.com/watch?v=NDPzXI57tKE,580.641,"['g_qO0fcqKCk ', 'o_-NSz1Y6Qk ']","[1, 1]","[1, 1]",2,[],[],[],[]
569,https://www.youtube.com/watch?v=NGs23LG3V_w,406.321,[],[],[],0,[],[],[],[]
570,https://www.youtube.com/watch?v=cRBofdEm6hc,737.521,"['bQ_2sbvsrl8 ', '5NLE0xtd0ps ']","[1, 1]","[1, 1]",2,[],[],[],[]
571,https://www.youtube.com/watch?v=zSFLyUGNPRU,512.981,"['3116XH-dqO8 ', 'qYr6UhlAC-4 ']","[1, 1]","[1, 1]",2,[],[],[],[]
572,https://www.youtube.com/watch?v=XZ9sIsd55RU,411.361,[],[],[],0,[],[],[],[]
573,https://www.youtube.com/watch?v=72OnpiLnGZE,554.721,[],[],[],0,[],[],[],[]
574,https://www.youtube.com/watch?v=VTtBgNNNR8E,582.381,[],[],[],0,[],[],[],[]
575,https://www.youtube.com/watch?v=9OmbYeT7VN4,443.201,[],[],[],0,[],[],[],[]
576,https://www.youtube.com/watch?v=-K4ng7NqmYY,332.561,[],[],[],0,[],[],[],[]
577,https://www.youtube.com/watch?v=n_EZSO6nE7Y,332.841,[],[],[],0,[],[],[],[]
578,https://www.youtube.com/watch?v=nUiwMdw11sA,389.961,[],[],[],0,[],[],[],[]
579,https://www.youtube.com/watch?v=PCZNvQ_9l6c,346.161,[],[],[],0,[],[],[],[]
580,https://www.youtube.com/watch?v=7NCMQqBn4-E,600.361,['JyU27baiE5c '],[1],[1],1,[],[],[],[]
581,https://www.youtube.com/watch?v=HDk__dghfoY,1184.721,"['aAI1aYieI7U ', 'XUuIuxWuTNw ', 'g_qO0fcqKCk ']","[1, 1, 1]","[1, 1, 1]",3,[],[],[],[]
582,https://www.youtube.com/watch?v=jHM8i_VdqeM,1219.0,"['oWbhqm4zjP0 ', 'fbtbkDBc-i8 ']","[1, 1]","[1, 1]",2,[],[],[],[]
583,https://www.youtube.com/watch?v=J5h3hmDIXsE,1113.061,"['qYr6UhlAC-4 ', 'YqQ-yEvrj5A ']","[1, 1]","[1, 1]",2,[],[],[],[]
584,https://www.youtube.com/watch?v=OAHWCeqgRH4,623.0,"['IUv1Z1z-s6k ', 'D25XFwlPxhU ']","[1, 1]","[1, 1]",2,[],[],[],[]
585,https://www.youtube.com/watch?v=GAFp88Yas6M,593.781,[],[],[],0,[],[],[],[]
586,https://www.youtube.com/watch?v=RWCsp4O6VfA,666.0,"['13lx_jABPTs ', '7H7daeeZ_bo ']","[1, 1]","[1, 1]",2,[],[],[],[]
587,https://www.youtube.com/watch?v=Y5DjUVHeZFI,544.0,"['j_9YcYC2QFQ ', 'bQ_2sbvsrl8 ', 'zV07rG_T2Ho ']","[0, 1, 1]","[1, 1, 1]",3,[],[],[],[]
588,https://www.youtube.com/watch?v=A9-RKwtj854,1030.0,"['ep5RoXJR91M ', '5MkzBHAqeR0 ', 'pzcoQLnQ5o0 ']","[1, 1, 0]","[1, 1, 1]",3,[],[],[],[]
589,https://www.youtube.com/watch?v=cK4zn0v5yO4,529.0,"['AHkZT6BKg10 ', 'q5WQmWH3EGQ ', '4Q9PzMdxblw ']","[1, 1, 1]","[1, 1, 1]",3,[],[],[],[]
590,https://www.youtube.com/watch?v=nZToMVRGNeg,694.0,"['Nipeto2bt3U ', 'JyU27baiE5c ', 'tQk6tR89eb0 ']","[0, 1, 0]","[1, 1, 1]",3,[],[],[],[]
591,https://www.youtube.com/watch?v=RRbNflAaNTM,1282.0,"['HiU7ecCId3o ', 'aPfA-mRU9J8 ']","[0, 1]","[1, 1]",2,[],[],[],[]
592,https://www.youtube.com/watch?v=56f-64x5QRU,505.0,"['6geRw7v--YY ', 'kyCwoc0knFY ']","[0, 1]","[1, 1]",2,[],[],[],[]
593,https://www.youtube.com/watch?v=iVhLWI8vxpY,423.0,"['NEdizG9m33o ', '33PoMiGR3JQ ']","[0, 1]","[1, 1]",2,[],[],[],[]
594,https://www.youtube.com/watch?v=Xa73bnQRycA,577.0,"['5NLE0xtd0ps ', 'xQOBkMe5uOk ']","[0, 1]","[1, 1]",2,[],[],[],[]
595,https://www.youtube.com/watch?v=1P6qQ6qAjlM,648.0,"['CDDt_9izfbI ', 'UPaNDutvwkI ', 'MbjCu5cYIvA ']","[1, 1, 1]","[1, 1, 1]",3,[],[],[],[]
596,https://www.youtube.com/watch?v=oApjtkaMfAI,754.021,"['_4ecS3YN150 ', 'XFiXpi9Q1mc ', 'aAI1aYieI7U ', 'T4CSrcvDvUM ']","[1, 1, 1, 1]","[1, 1, 1, 1]",4,[],[],[],[]
597,https://www.youtube.com/watch?v=nnJbCsVQ0oM,708.521,"['HQRv8ppYxos ', 'vdrAiMVE_o0 ', 'XUuIuxWuTNw ']","[0, 1, 1]","[1, 1, 1]",3,[],[],[],[]
598,https://www.youtube.com/watch?v=c1x9tb4MXeg,612.221,"['3116XH-dqO8 ', '_PmFP2jsXM8 ']","[1, 1]","[1, 1]",2,[],[],[],[]
599,https://www.youtube.com/watch?v=B3w2__SGUYQ,706.441,"['JyU27baiE5c ', '_4ecS3YN150 ']","[1, 1]","[1, 1]",2,[],[],[],[]
600,https://www.youtube.com/watch?v=sAOyERiq2Ak,624.361,['O-aEXv1ox8w '],[0],[1],1,[],[],[],[]
601,https://www.youtube.com/watch?v=Gbz1Z4eoHu0,706.541,['tQk6tR89eb0 '],[1],[1],1,[],[],[],[]
602,https://www.youtube.com/watch?v=uiHakl7zSrU,739.461,"['ptVDZLmuCbY ', 'Nipeto2bt3U ']","[1, 1]","[1, 1]",2,[],[],[],[]
603,https://www.youtube.com/watch?v=pJ4bFtzUyF8,727.261,['GaVOy8JPWII '],[1],[1],1,[],[],[],[]
604,https://www.youtube.com/watch?v=FoOQmnoe6DU,687.041,"['tY_CyFmMDFE ', 'bQ_2sbvsrl8 ']","[1, 0]","[1, 1]",2,[],[],[],[]
605,https://www.youtube.com/watch?v=PAZVp1j6LdI,692.381,"['AHkZT6BKg10 ', 'YRoKIn1ItqY ']","[1, 1]","[1, 1]",2,[],[],[],[]
606,https://www.youtube.com/watch?v=98Cli5sviRc,701.141,['4Q9PzMdxblw '],[0],[1],1,[],[],[],[]
607,https://www.youtube.com/watch?v=8am_b2GXgZg,706.0,"['af23BtFBkvo ', '6geRw7v--YY ']","[0, 1]","[1, 1]",2,[],[],[],[]
608,https://www.youtube.com/watch?v=Hkmj9BO-VOk,694.521,"['BilSQFcLOiI ', 'vdrAiMVE_o0 ']","[1, 0]","[1, 1]",2,[],[],[],[]
609,https://www.youtube.com/watch?v=kihaOwmI2dw,667.181,"['bQ_2sbvsrl8 ', 'NsHiu_FxcE4 ']","[1, 1]","[1, 1]",2,[],[],[],[]
610,https://www.youtube.com/watch?v=aUqjkoB9FOQ,650.541,"['Ucog1ghGMUM ', 'g_qO0fcqKCk ', '_5isL4u4kTo ', 'TjxskTJd9eM ']","[1, 1, 1, 1]","[1, 1, 1, 1]",4,[],[],[],[]
611,https://www.youtube.com/watch?v=Yirc35yIjfc,219.541,[],[],[],0,[],[],[],[]
612,https://www.youtube.com/watch?v=Q_bKU_tPaJo,388.661,[],[],[],0,[],[],[],[]
613,https://www.youtube.com/watch?v=zOceeeWDTag,495.201,"['bQES_F6c7c8 ', '33PoMiGR3JQ ', 'RhOcrta-zDU ']","[1, 1, 1]","[1, 1, 1]",3,[],[],[],[]
614,https://www.youtube.com/watch?v=tihmQmPqSdM,793.861,"['g_qO0fcqKCk ', 'Ucog1ghGMUM ', 'o9D6xmOGyW4 ', 'TjxskTJd9eM ']","[1, 1, 1, 1]","[1, 1, 1, 1]",4,[],[],[],[]
615,https://www.youtube.com/watch?v=1xv_FeBGzfk,370.361,[],[],[],0,[],[],[],[]
616,https://www.youtube.com/watch?v=foRey00Xoq8,229.121,[],[],[],0,[],[],[],[]
617,https://www.youtube.com/watch?v=Cimp-eTe3MU,1162.801,[],[],[],0,[],[],[],[]
618,https://www.youtube.com/watch?v=7HlyQiOMAJY,207.861,[],[],[],0,[],[],[],[]
619,https://www.youtube.com/watch?v=2dW3qfgvpJo,275.541,[],[],[],0,[],[],[],[]
620,https://www.youtube.com/watch?v=zK7ztTKzTnQ,133.261,[],[],[],0,[],[],[],[]
621,https://www.youtube.com/watch?v=raZvl2lJ6yk,561.221,[],[],[],0,[],[],[],[]
622,https://www.youtube.com/watch?v=Rk_ytxghccc,782.421,[],[],[],0,[],[],[],[]
623,https://www.youtube.com/watch?v=6eHMLX2QWPs,712.241,"['JyU27baiE5c ', '_PmFP2jsXM8 ', 'QxNbOY9JnH8 ']","[0, 1, 1]","[1, 1, 1]",3,[],[],[],[]
624,https://www.youtube.com/watch?v=yN-wHBX0qPA,410.881,['aAI1aYieI7U '],[1],[1],1,[],[],[],[]
625,https://www.youtube.com/watch?v=LN_IkovgHlI,480.181,"['_4ecS3YN150 ', 'aAI1aYieI7U ']","[1, 1]","[1, 1]",2,[],[],[],[]
626,https://www.youtube.com/watch?v=IGusiVDzIik,708.621,['vdrAiMVE_o0 '],[1],[1],1,[],[],[],[]
627,https://www.youtube.com/watch?v=ca77yvezGYo,248.301,[],[],[],0,[],[],[],[]
628,https://www.youtube.com/watch?v=-mSGPwLW4Gw,940.101,"['_PmFP2jsXM8 ', 'qYr6UhlAC-4 ']","[1, 1]","[1, 1]",2,[],[],[],[]
629,https://www.youtube.com/watch?v=4uSfRL86hws,690.301,"['g_qO0fcqKCk ', 'Y4Y_ij8wbew ']","[1, 1]","[1, 1]",2,[],[],[],[]
630,https://www.youtube.com/watch?v=TAGOse9KpQE,558.621,[],[],[],0,[],[],[],[]
631,https://www.youtube.com/watch?v=ScIU-magAuY,651.0,"['_4ecS3YN150 ', 'aAI1aYieI7U ', 'o9D6xmOGyW4 ', 'vdrAiMVE_o0 ']","[1, 1, 1, 1]","[1, 1, 1, 1]",4,[],[],[],[]
632,https://www.youtube.com/watch?v=nRuLcNsx_0w,802.741,"['bQ_2sbvsrl8 ', 'pzcoQLnQ5o0 ']","[0, 1]","[1, 1]",2,[],[],[],[]
633,https://www.youtube.com/watch?v=ust1IGL2oRw,553.0,"['3116XH-dqO8 ', '5NLE0xtd0ps ']","[0, 1]","[1, 1]",2,[],[],[],[]
634,https://www.youtube.com/watch?v=JA_slDiG45c,671.541,"['yppVhj1OpVk ', 'tY_CyFmMDFE ', 'BxaHtiW9fnY ']","[1, 1, 1]","[1, 1, 1]",3,[],[],[],[]
635,https://www.youtube.com/watch?v=-8ejXwHxfDA,749.941,"['Nipeto2bt3U ', 'Ezz98-R5214 ']","[1, 0]","[1, 1]",2,[],[],[],[]
636,https://www.youtube.com/watch?v=YqePPWpWzzM,693.0,"['QQrL-dvevKM ', '4Q9PzMdxblw ', 'pPs_ftHlRuE ', 'tQk6tR89eb0 ']","[1, 1, 1, 1]","[1, 1, 1, 1]",4,[],[],[],[]
637,https://www.youtube.com/watch?v=TzLl3abaoAY,566.0,"['fsHak135bdw ', 'tY_CyFmMDFE ']","[0, 1]","[1, 1]",2,[],[],[],[]
638,https://www.youtube.com/watch?v=rZLpGNO3PTo,827.0,"['AHkZT6BKg10 ', 'bQ_2sbvsrl8 ']","[1, 0]","[1, 1]",2,[],[],[],[]
639,https://www.youtube.com/watch?v=6IlmqZ2h5xg,1093.061,['2Hc1OjFxv-M '],[1],[1],1,[],[],[],[]
640,https://www.youtube.com/watch?v=CohWIxiD2E8,75.541,[],[],[],0,[],[],[],[]
641,https://www.youtube.com/watch?v=_xkF0plKTD8,96.741,[],[],[],0,[],[],[],[]
642,https://www.youtube.com/watch?v=F2W_EIdcsd4,94.401,[],[],[],0,[],[],[],[]
643,https://www.youtube.com/watch?v=1Ae-BS5iPY8,116.321,[],[],[],0,[],[],[],[]
644,https://www.youtube.com/watch?v=1pu7jF49sck,94.621,[],[],[],0,[],[],[],[]
645,https://www.youtube.com/watch?v=mKjOmB9grX0,115.941,[],[],[],0,[],[],[],[]
646,https://www.youtube.com/watch?v=sU_6exHGHOU,92.141,[],[],[],0,[],[],[],[]
647,https://www.youtube.com/watch?v=thLeaqq3apc,94.721,[],[],[],0,[],[],[],[]
648,https://www.youtube.com/watch?v=Od22SbgWsnw,71.541,[],[],[],0,[],[],[],[]
649,https://www.youtube.com/watch?v=JzhGHL6Mdhs,96.321,[],[],[],0,[],[],[],[]
650,https://www.youtube.com/watch?v=jcu_WQgJgFo,84.461,[],[],[],0,[],[],[],[]
651,https://www.youtube.com/watch?v=oAh_1O5qG-A,66.001,[],[],[],0,[],[],[],[]
652,https://www.youtube.com/watch?v=rNJGg8ecFm4,64.441,[],[],[],0,[],[],[],[]
653,https://www.youtube.com/watch?v=b4bmc2MhCrk,102.181,[],[],[],0,[],[],[],[]
654,https://www.youtube.com/watch?v=kS6LXBelY4k,62.421,[],[],[],0,[],[],[],[]
655,https://www.youtube.com/watch?v=Y73yweRXBZU,184.541,[],[],[],0,[],[],[],[]
656,https://www.youtube.com/watch?v=OpDq8kR2qZQ,79.0,[],[],[],0,[],[],[],[]
657,https://www.youtube.com/watch?v=E5252-GTBEQ,220.921,[],[],[],0,[],[],[],[]
658,https://www.youtube.com/watch?v=YfsjUrIcnjc,33.761,[],[],[],0,[],[],[],[]
659,https://www.youtube.com/watch?v=lDVVwjR3P-c,471.0,"['7AHQl_wcUmk ', 'bQ_2sbvsrl8 ']","[1, 1]","[1, 1]",2,[],[],[],[]
660,https://www.youtube.com/watch?v=RzBbL6BAp_s,183.041,[],[],[],0,[],[],[],[]
661,https://www.youtube.com/watch?v=QhS3JwncB9E,570.681,[],[],[],0,[],[],[],[]
662,https://www.youtube.com/watch?v=J29j9gUxSpA,147.041,[],[],[],0,[],[],[],[]
663,https://www.youtube.com/watch?v=QlUNfFcBttU,156.0,['qjVREjzHFuQ '],[0],[1],1,[],[],[],[]
664,https://www.youtube.com/watch?v=50yyQOOjRtg,420.501,[],[],[],0,[],[],[],[]
665,https://www.youtube.com/watch?v=zEKV3uMbVCY,347.141,[],[],[],0,[],[],[],[]
666,https://www.youtube.com/watch?v=MMF-1d5af8U,287.041,[],[],[],0,[],[],[],[]
667,https://www.youtube.com/watch?v=LfPK1IC9h3Q,677.641,"['aAI1aYieI7U ', 'XmCHxT4nAmc ']","[1, 1]","[1, 1]",2,[],[],[],[]
668,https://www.youtube.com/watch?v=62qJZ9LedJY,232.961,[],[],[],0,[],[],[],[]
669,https://www.youtube.com/watch?v=MehMlxlLtaU,146.921,[],[],[],0,[],[],[],[]
670,https://www.youtube.com/watch?v=xxiL9WpODDc,516.621,"['bQ_2sbvsrl8 ', 'aAI1aYieI7U ']","[0, 0]","[1, 1]",2,[],[],[],[]
671,https://www.youtube.com/watch?v=TevnahhHa0c,226.741,[],[],[],0,[],[],[],[]
672,https://www.youtube.com/watch?v=L8-jTBPJPrs,489.321,['RJjfACkbhv8 '],[0],[1],1,[],[],[],[]
673,https://www.youtube.com/watch?v=R6v-Ysb-GiY,601.061,[],[],[],0,[],[],[],[]
674,https://www.youtube.com/watch?v=Ke8QzGkTXDA,706.621,[],[],[],0,[],[],[],[]
675,https://www.youtube.com/watch?v=ebMZYDkVUgk,334.081,[],[],[],0,[],[],[],[]
676,https://www.youtube.com/watch?v=RoqX0Hf-eT8,873.201,[],[],[],0,[],[],[],[]
677,https://www.youtube.com/watch?v=JhkDqkyw6Ts,705.281,[],[],[],0,[],[],[],[]
678,https://www.youtube.com/watch?v=1gg0oItw1jw,619.301,['pPs_ftHlRuE '],[1],[1],1,[],[],[],[]
679,https://www.youtube.com/watch?v=1HVcrC1s0t0,723.141,[],[],[],0,[],[],[],[]
680,https://www.youtube.com/watch?v=Uz3UuD4T4u4,653.221,"['_4ecS3YN150 ', '3116XH-dqO8 ', 'JyU27baiE5c ', 'XFiXpi9Q1mc ']","[1, 0, 0, 1]","[1, 1, 1, 1]",4,[],[],[],[]
681,https://www.youtube.com/watch?v=e8Ch_NyO6Q4,779.101,"['g_qO0fcqKCk ', 'YUChC2l0gUQ ']","[1, 1]","[1, 1]",2,[],[],[],[]
682,https://www.youtube.com/watch?v=tNdgOuHk080,609.761,['_4ecS3YN150 '],[0],[1],1,[],[],[],[]
683,https://www.youtube.com/watch?v=bXrUMk1YenM,622.701,['vdrAiMVE_o0 '],[1],[1],1,[],[],[],[]
684,https://www.youtube.com/watch?v=j3zDubIcAP8,636.941,[],[],[],0,[],[],[],[]
685,https://www.youtube.com/watch?v=1hrBifPlsg4,889.181,[],[],[],0,[],[],[],[]
686,https://www.youtube.com/watch?v=XYUrhpy5ISk,81.821,[],[],[],0,[],[],[],[]
687,https://www.youtube.com/watch?v=_02x1TJh6bw,678.241,[],[],[],0,[],[],[],[]
688,https://www.youtube.com/watch?v=Tm_B8IAdpbg,71.341,[],[],[],0,[],[],[],[]
689,https://www.youtube.com/watch?v=tKT9Q5SXgL0,1131.241,[],[],[],0,[],[],[],[]
690,https://www.youtube.com/watch?v=9xYUVAcedq8,1004.281,[],[],[],0,[],[],[],[]
691,https://www.youtube.com/watch?v=0UU_TPZTqSU,1189.881,[],[],[],0,[],[],[],[]
692,https://www.youtube.com/watch?v=WQURZArNlJA,1062.081,[],[],[],0,[],[],[],[]
693,https://www.youtube.com/watch?v=QWaTsNplckI,74.0,['aAI1aYieI7U '],[0],[1],1,[],[],[],[]
694,https://www.youtube.com/watch?v=LzA5KmAz_Z4,605.081,[],[],[],0,[],[],[],[]
695,https://www.youtube.com/watch?v=726uTTT0by0,671.541,"['OtOigw2BsCM ', 'TJgRUBAQ-Jo ', 'b0ab0-VUJTA ', '12rz0wPTwjk ']","[0, 0, 0, 0]","[1, 1, 1, 1]",4,[],[],[],[]
696,https://www.youtube.com/watch?v=wcOx8saL5-w,827.021,"['OtOigw2BsCM ', '3ND6-hruxek ', '-NuLd37PJ0g ']","[0, 0, 0]","[1, 1, 1]",3,[],[],[],"[{'Img': '', 'Title': '#SHEINbeachvacay', 'Channel': 'SHEIN', 'Link': 'https://www.googleadservices.com/pagead/aclk?sa=L&ai=ClCmvi5tsZIfLLOKMqMwPgJu54APD84zWcN_R_4OBEtrZHhABIABgya7bjOCkuBGCARdjYS1wdWItNjIxOTgxMTc0NzA0OTM3MaAB7pHTzQOoAwSqBIwDT9CQm3wiVwCeXG21SRbbD0ml8n7B3YsNs0cHFSfPeujJPppOcC_gOuqUIAU9TgaVjrb8acBbQpR_aAy-VRLQEtBAyEBBYyAldaXNUmvJW7-46ih-8GbTWu3RtKe3XegU0kGoUGeA7vR2-MzkC4Zyg-370wlD81uaGOZGtoy5AGY8ojzoouqoHFvHg2PQU-qbnA46nsR_3eXxPqIEQt9a1MMn1gzhVoSlcZLM6wHiXYe6NftdYqUQDUgvr5e7mNTZCZcNanYsezSsd_pXJBrGWUOqPCs2Rpq6HrwHNAVophog8QSA4RtPqj9yXClyyXPN84qleeI5M-8lMrsCgAPh6oqzstF27XbvcAAH2ZF6fgRQ2v8zeuVMi1DwdIj88-TnwKAp2xQZMxLguMRWLj_9ziKnPWrE39G9h3UJTCV-Vo8TtJDFV0VOGFmBYlj_b33qAybz2xD-sJ8pphCrXTw56E6O8-wVVdqjtQM1Wb5aUne2z6u68GI4HQd9DWm3cETkdx61IYTIH_eO5eQrkgUMCBIwv9_K5Kqrw4c1kgUKCBNoAnid1OfdAqAGVYAHj-3t3AKQBwSoB-edsQKoB-idsQKoB4KqsQKoB4QIqAeo0huoB7YHqAfgzxuoB-nUG6gHjM0bqAex3BuoB6SasQKoB5GfsQKoB7CbsQKoB9-hsQKoB6aqsQKoB4HGG6gH1c4bqAerxRuoB5zcG6gH5p2xAqgHyJ-xAqgHt6GxApIIC05ROE5XcXlTcjc4qAgB0ggPCIBBEAEYXjICggI6AoBA8ggfY2EteXQtaG9zdC1wdWItOTY2MDA1MzM5ODEyNDE4NbEJqmLMmGzZ6uzICRfICY8BmAsBoQsXANGMoGaUX7oLOwgBEAUYBiAGKAEwBkABSABYC2AAaABwAYgBAJgBAaIBDgoAmAICqAIB0AIB2AICqAEB2AEBgAIBiAIH0AsTuAwBmg0BE7gT____________AbAUAcAVgYCAQNAVAdgVAZgWAYAXAYoXFAgDGAEgASgBMAE4AUABSAFQAVgBoBcB&num=1&cid=CAASFeRoLwickN__bONq_wAN9vXF67Agwg&ad_cpn=%5BCPN%5D&sig=AOD64_3d9flCI7AB206tSU8jwxOl9-v4wg&adurl=https://www.youtube.com/watch%3Fv%3DNQ8NWqySr78&ctype=21&video_id=NQ8NWqySr78&client=ca-pub-6219811747049371'}]"
697,https://www.youtube.com/watch?v=cxRxi2kBUzk,693.0,"['FL-x9-Qn_tQ ', 'j55oJ8NHXlw ', 'E4dKDfThrnQ ', 'Wl5hN8NA71U ', 'GpVCnEgRxQ8 ']","[0, 0, 1, 0, 0]","[1, 1, 1, 1, 1]",5,[],[],[],"[{'Img': '', 'Title': 'My First Barbie', 'Channel': 'Barbie', 'Link': 'https://www.googleadservices.com/pagead/aclk?sa=L&ai=Cnu7AT5psZJvrKuOOqMwPnuC2oA3vpdejcPmlj62EEcCNtwEQASAAYMmu24zgpLgRggEXY2EtcHViLTYyMTk4MTE3NDcwNDkzNzGgAeGOovICqAMEqgSKA0_Q70_y6Tb7K8Fu2uVU51dMfFtqyGiRCxszMAXn-bdpOMJKbspmMPuGCqpHSZhQrt9P8k_kOlZ1zYtMTBIhCXq7GXwrsGmb7PRvqKCX61lHJL4gjeu9u6h5xz1rGRpOQcMbUcV9O0Q50epg531UQRvHZIjCXXQygTSjyn8L8Gtwc3hWz0xG7_yVb_yMlGqyh9cayNXPhE7jaRqfLpIfU1SjrWWlqX0hvMnTuKGnCiiW9X48UcDpr5AeT3kOqunJCeIY_jbMPpYDU2QyMfctO7hp-74OswQQe3oQ1h_vx6v77i7rg145rLhu3zDMsHuFg7s_qCQFC-5v8rarOrsUQpKjcWIA9pVmF2gfadWEfE3xBzpF419S3h0FYMxIXajwQoW3p9QzAmKOlOCb9n67eKiQOl5germ3mD5XL5hNt_e29VVshm9AlmC3Q0vxUxd0hgE3MzlpSUyU6oZTgQmRRN8-B15YR02IU55bSFqyWvIvHcKTdOIvcEEBoxKOIhzqqE9UtMQCOQ1TrdiIBYTVj9VKkgUNCBIw8P323_n2tN-pAZIFCggTaAJ4yeb8jQGSBQQIAxACoAZVgAeH8d2NAZAHBKgHpLGxAqgH552xAqgH6J2xAqgHgqqxAqgHhAioB6jSG6gHtgeoB-DPG6gH6dQbqAeMzRuoB7HcG6gHpJqxAqgHkZ-xAqgHsJuxAqgH36GxAqgHpqqxAqgHgcYbqAfVzhuoB6vFG6gHnNwbqAfmnbECqAfIn7ECqAe3obECkggLcWI3VHQ1djl2dkGoCAHSCA8IgEEQARheMgKCAjoCgEDyCB9jYS15dC1ob3N0LXB1Yi05NjYwMDUzMzk4MTI0MTg1sQkLTbLo546efcgJF8gJjwGYCwGhC7bk-opx658wugs7CAEQBRgGIAYoATAGQAFIAFgLYABoAHABiAEAmAEBogEOCgCYAgKoAgHQAgHYAgKoAQHYAQGAAgGIAgTQCxO4DAGaDQETuBP___________8BsBQBwBWBgIBA0BUB2BUBgBcBihcUCAMYASABKAEwATgBQAFIAVABWAGgFwE&num=1&cid=CAASFeRobCP6aexKSfGUeHToR7AkDEBGoA&ad_cpn=%5BCPN%5D&sig=AOD64_3oKHp2pZpZVJl67-IF_ggROslJYw&adurl=https://www.youtube.com/watch%3Fv%3Dqb7Tt5v9vvA&ctype=21&video_id=qb7Tt5v9vvA&client=ca-pub-6219811747049371'}]"
698,https://www.youtube.com/watch?v=zT9Me7QXKUY,1093.061,"['g-5vo2lvyFw ', 'Qyf5basTo4g ', 'VA6Jr6L9Yc8 ', 'yqF1mtCuRAU ']","[0, 0, 0, 0]","[1, 1, 1, 1]",4,[],[],[],[]
699,https://www.youtube.com/watch?v=5srMTFyNRvk,775.941,"['34u1sOLrgVo ', 'qQagxwqyBXk ', 'vRmw1Pw-KRU ']","[0, 0, 0]","[1, 1, 1]",3,[],[],[],[]
700,https://www.youtube.com/watch?v=V0HgTcRaERI,548.921,['aAI1aYieI7U '],[1],[1],1,[],[],[],[]
701,https://www.youtube.com/watch?v=C8Bd2wL_bvc,585.941,[],[],[],0,[],[],[],[]
702,https://www.youtube.com/watch?v=5TqBcDiVFpU,538.741,[],[],[],0,[],[],[],[]
703,https://www.youtube.com/watch?v=Lg4KFP4RxSU,525.461,[],[],[],0,[],[],[],[]
704,https://www.youtube.com/watch?v=ug21It0Xpuw,513.741,[],[],[],0,[],[],[],[]
705,https://www.youtube.com/watch?v=_DgJQl8JVVc,721.621,[],[],[],0,[],[],[],[]
706,https://www.youtube.com/watch?v=lvJ25GWVusg,677.041,['g_qO0fcqKCk '],[1],[1],1,[],[],[],[]
707,https://www.youtube.com/watch?v=BabtNuQuNac,1033.121,['oWbhqm4zjP0 '],[1],[1],1,[],[],[],[]
708,https://www.youtube.com/watch?v=jWltpC1d8Mk,603.521,[],[],[],0,[],[],[],[]
709,https://www.youtube.com/watch?v=qmLI8v7GI4Y,585.781,['g_qO0fcqKCk '],[1],[1],1,[],[],[],[]
710,https://www.youtube.com/watch?v=oouJZ332Tp0,1005.621,[],[],[],0,[],[],[],[]
711,https://www.youtube.com/watch?v=OV9gOAhYmZY,935.301,[],[],[],0,[],[],[],[]
712,https://www.youtube.com/watch?v=egiFNNfHbPU,830.361,[],[],[],0,[],[],[],[]
713,https://www.youtube.com/watch?v=t2BlBoFoK8w,621.901,['ellAUet1RRk '],[1],[1],1,[],[],[],[]
714,https://www.youtube.com/watch?v=EM8MVSK-ewA,1050.421,[],[],[],0,[],[],[],[]
715,https://www.youtube.com/watch?v=-ll9RelW_QI,570.0,"['aAI1aYieI7U ', 'ellAUet1RRk ', 'g_qO0fcqKCk ']","[0, 1, 1]","[1, 1, 1]",3,[],[],[],[]
716,https://www.youtube.com/watch?v=YdFwZ5aOAsI,505.521,['Ucog1ghGMUM '],[1],[1],1,[],[],[],[]
717,https://www.youtube.com/watch?v=x0xVKARUSUE,524.801,['fbtbkDBc-i8 '],[1],[1],1,[],[],[],[]
718,https://www.youtube.com/watch?v=9qyevD9Y5D8,495.541,[],[],[],0,[],[],[],[]
719,https://www.youtube.com/watch?v=u84fyGyAHUM,579.321,['bQ_2sbvsrl8 '],[1],[1],1,[],[],[],[]
720,https://www.youtube.com/watch?v=QWSGaMtPAiM,627.481,[],[],[],0,[],[],[],[]
721,https://www.youtube.com/watch?v=Z6vvdqvxw5E,542.021,['ptVDZLmuCbY '],[1],[1],1,[],[],[],[]
722,https://www.youtube.com/watch?v=iP69G8_t5GA,586.281,[],[],[],0,[],[],[],[]
723,https://www.youtube.com/watch?v=BlQh_YJHbGw,515.241,['0GYA9mEe1Rg '],[1],[1],1,[],[],[],[]
724,https://www.youtube.com/watch?v=6WYC0eIKlmA,613.041,['eiZCsCCEBmk '],[0],[1],1,[],[],[],[]
725,https://www.youtube.com/watch?v=NnxqRrmo1GI,499.361,['_4ecS3YN150 '],[1],[1],1,[],[],[],[]
726,https://www.youtube.com/watch?v=j1OfgKQgoN0,519.001,"['vdrAiMVE_o0 ', 'JyU27baiE5c ']","[1, 1]","[1, 1]",2,[],[],[],[]
727,https://www.youtube.com/watch?v=zzWxjDNPaFc,557.681,['VPpJOe-EqHI '],[1],[1],1,[],[],[],[]
728,https://www.youtube.com/watch?v=gHLaPwdfqHI,500.741,[],[],[],0,[],[],[],[]
729,https://www.youtube.com/watch?v=5H530WsIwVc,887.421,"['sQcihb7fcIA ', 'g_qO0fcqKCk ']","[1, 1]","[1, 1]",2,[],[],[],[]
730,https://www.youtube.com/watch?v=bloDzIE-jgA,775.0,"['gp1SV7XHEik ', 'UUxJlzEVicI ']","[0, 0]","[1, 1]",2,[],[],[],[]
731,https://www.youtube.com/watch?v=8vMdv4n4p0Q,780.061,"['JyU27baiE5c ', 'IRMOmgwdP-s ']","[1, 0]","[1, 1]",2,[],[],[],[]
732,https://www.youtube.com/watch?v=B_U4mmAozoI,401.181,[],[],[],0,[],[],[],[]
733,https://www.youtube.com/watch?v=YxT26u0H2dc,761.0,"['ssG0KFjM958 ', 'Vbwrsqdoy4k ', 'Yok83qF0ACQ ']","[0, 1, 0]","[1, 1, 1]",3,[],[],[],[]
734,https://www.youtube.com/watch?v=t2BlBoFoK8w&ab,621.901,"['t2BlBoFoK8w ', 'Ezz98-R5214 ']","[0, 1]","[1, 1]",2,[],[],[],[]
735,https://www.youtube.com/watch?v=C_YkdEAbvGw,535.061,"['bQ_2sbvsrl8 ', 'JyU27baiE5c ', 'UzFgz6cqufY ', 'yIn9tvHd2tg ']","[1, 1, 1, 1]","[1, 1, 1, 1]",4,[],[],[],[]
736,https://www.youtube.com/watch?v=L8FSZHup7x0,491.0,"['vdrAiMVE_o0 ', '_4ecS3YN150 ']","[1, 1]","[1, 1]",2,[],[],[],[]
737,https://www.youtube.com/watch?v=iFsrQ7cY5z8,582.0,"['tIMsafydRDM ', 'yppVhj1OpVk ', 'g_qO0fcqKCk ', 'qYr6UhlAC-4 ']","[0, 1, 1, 1]","[1, 1, 1, 1]",4,[],[],[],[]
738,https://www.youtube.com/watch?v=E1zEHm5MlWM,607.0,"['G2iD4yzE92Q ', '_7dzvaVIoZk ']","[0, 1]","[1, 1]",2,[],[],[],[]
739,https://www.youtube.com/watch?v=O-bW7_mGlDg,1029.0,"['oP70SLOh5Ow ', 'bQ_2sbvsrl8 ', 'QQ31tZaEBaI ']","[0, 1, 0]","[1, 1, 1]",3,[],[],[],[]
740,https://www.youtube.com/watch?v=O9ExeDycDBM,774.0,"['CxUcLE-SuqE ', 'IJ6HjDno5q8 ', '5NLE0xtd0ps ']","[0, 0, 1]","[1, 1, 1]",3,[],[],[],[]
741,https://www.youtube.com/watch?v=tPHR3Ut66JM,891.0,"['DaBAsjoLEgs ', 'c7kUBqwvuQg ', 'Vbwrsqdoy4k ', 'tQnz_XdWYfY ']","[0, 1, 1, 1]","[1, 1, 1, 1]",4,[],[],[],[]
742,https://www.youtube.com/watch?v=4wUe0kf6NGQ,820.621,[],[],[],0,[],[],[],[]
743,https://www.youtube.com/watch?v=NhKkbJClqQ0,867.421,"['_4ecS3YN150 ', 'mrWhoeOiZVg ']","[1, 1]","[1, 1]",2,[],[],[],[]
744,https://www.youtube.com/watch?v=B3pfsuryHIQ,1273.701,['g_qO0fcqKCk '],[1],[1],1,[],[],[],[]
745,https://www.youtube.com/watch?v=yRtJHQotMT0,703.0,"['3116XH-dqO8 ', 'KdU9xHBcafI ', 'bQ_2sbvsrl8 ', 'sQcihb7fcIA ']","[0, 1, 1, 1]","[1, 1, 1, 1]",4,[],[],[],[]
746,https://www.youtube.com/watch?v=y0hwERvoORY,693.0,"['vdrAiMVE_o0 ', 'JyU27baiE5c ', '_4ecS3YN150 ', '5NLE0xtd0ps ']","[1, 1, 0, 1]","[1, 1, 1, 1]",4,[],[],[],[]
747,https://www.youtube.com/watch?v=Mn8_DspA3fY,1248.101,['tbBJDVgFgT8 '],[1],[1],1,[],[],[],[]
748,https://www.youtube.com/watch?v=kR2hU9g-1gg,497.561,['qYr6UhlAC-4 '],[1],[1],1,[],[],[],[]
749,https://www.youtube.com/watch?v=5IPvYz6bydY,160.941,[],[],[],0,[],[],[],[]
